plate,row,batch_label,loaddata_csv,first_image_set,last_image_set,image_set_count,well_count,is_contiguous,status,message
BR00149332,A,row_A,/media/18tbdrive/1.Github_Repositories/pccma_repo1_screen_image_profiling/CHP-134_repo1_screen/2.feature_extraction/loaddata_csvs/BR00149332_loaddata_with_illum.csv,1,216,216,24,True,ready,
BR00149332,B,row_B,/media/18tbdrive/1.Github_Repositories/pccma_repo1_screen_image_profiling/CHP-134_repo1_screen/2.feature_extraction/loaddata_csvs/BR00149332_loaddata_with_illum.csv,217,432,216,24,True,ready,
BR00149332,C,row_C,/media/18tbdrive/1.Github_Repositories/pccma_repo1_screen_image_profiling/CHP-134_repo1_screen/2.feature_extraction/loaddata_csvs/BR00149332_loaddata_with_illum.csv,433,648,216,24,True,ready,
BR00149332,D,row_D,/media/18tbdrive/1.Github_Repositories/pccma_repo1_screen_image_profiling/CHP-134_repo1_screen/2.feature_extraction/loaddata_csvs/BR00149332_loaddata_with_illum.csv,649,864,216,24,True,ready,
BR00149332,E,row_E,/media/18tbdrive/1.Github_Repositories/pccma_repo1_screen_image_profiling/CHP-134_repo1_screen/2.feature_extraction/loaddata_csvs/BR00149332_loaddata_with_illum.csv,865,1080,216,24,True,ready,
BR00149332,F,row_F,/media/18tbdrive/1.Github_Repositories/pccma_repo1_screen_image_profiling/CHP-134_repo1_screen/2.feature_extraction/loaddata_csvs/BR00149332_loaddata_with_illum.csv,1081,1296,216,24,True,ready,
BR00149332,G,row_G,/media/18tbdrive/1.Github_Repositories/pccma_repo1_screen_image_profiling/CHP-134_repo1_screen/2.feature_extraction/loaddata_csvs/BR00149332_loaddata_with_illum.csv,1297,1512,216,24,True,ready,
BR00149332,H,row_H,/media/18tbdrive/1.Github_Repositories/pccma_repo1_screen_image_profiling/CHP-134_repo1_screen/2.feature_extraction/loaddata_csvs/BR00149332_loaddata_with_illum.csv,1513,1728,216,24,True,ready,
BR00149332,I,row_I,/media/18tbdrive/1.Github_Repositories/pccma_repo1_screen_image_profiling/CHP-134_repo1_screen/2.feature_extraction/loaddata_csvs/BR00149332_loaddata_with_illum.csv,1729,1944,216,24,True,ready,
BR00149332,J,row_J,/media/18tbdrive/1.Github_Repositories/pccma_repo1_screen_image_profiling/CHP-134_repo1_screen/2.feature_extraction/loaddata_csvs/BR00149332_loaddata_with_illum.csv,1945,2160,216,24,True,ready,
BR00149332,K,row_K,/media/18tbdrive/1.Github_Repositories/pccma_repo1_screen_image_profiling/CHP-134_repo1_screen/2.feature_extraction/loaddata_csvs/BR00149332_loaddata_with_illum.csv,2161,2376,216,24,True,ready,
BR00149332,L,row_L,/media/18tbdrive/1.Github_Repositories/pccma_repo1_screen_image_profiling/CHP-134_repo1_screen/2.feature_extraction/loaddata_csvs/BR00149332_loaddata_with_illum.csv,2377,2592,216,24,True,ready,
BR00149332,M,row_M,/media/18tbdrive/1.Github_Repositories/pccma_repo1_screen_image_profiling/CHP-134_repo1_screen/2.feature_extraction/loaddata_csvs/BR00149332_loaddata_with_illum.csv,2593,2808,216,24,True,ready,
BR00149332,N,row_N,/media/18tbdrive/1.Github_Repositories/pccma_repo1_screen_image_profiling/CHP-134_repo1_screen/2.feature_extraction/loaddata_csvs/BR00149332_loaddata_with_illum.csv,2809,3024,216,24,True,ready,
BR00149332,O,row_O,/media/18tbdrive/1.Github_Repositories/pccma_repo1_screen_image_profiling/CHP-134_repo1_screen/2.feature_extraction/loaddata_csvs/BR00149332_loaddata_with_illum.csv,3025,3240,216,24,True,ready,
BR00149332,P,row_P,/media/18tbdrive/1.Github_Repositories/pccma_repo1_screen_image_profiling/CHP-134_repo1_screen/2.feature_extraction/loaddata_csvs/BR00149332_loaddata_with_illum.csv,3241,3456,216,24,True,ready,
BR00149333,A,row_A,/media/18tbdrive/1.Github_Repositories/pccma_repo1_screen_image_profiling/CHP-134_repo1_screen/2.feature_extraction/loaddata_csvs/BR00149333_loaddata_with_illum.csv,1,216,216,24,True,ready,
BR00149333,B,row_B,/media/18tbdrive/1.Github_Repositories/pccma_repo1_screen_image_profiling/CHP-134_repo1_screen/2.feature_extraction/loaddata_csvs/BR00149333_loaddata_with_illum.csv,217,432,216,24,True,ready,
BR00149333,C,row_C,/media/18tbdrive/1.Github_Repositories/pccma_repo1_screen_image_profiling/CHP-134_repo1_screen/2.feature_extraction/loaddata_csvs/BR00149333_loaddata_with_illum.csv,433,648,216,24,True,ready,
BR00149333,D,row_D,/media/18tbdrive/1.Github_Repositories/pccma_repo1_screen_image_profiling/CHP-134_repo1_screen/2.feature_extraction/loaddata_csvs/BR00149333_loaddata_with_illum.csv,649,864,216,24,True,ready,
BR00149333,E,row_E,/media/18tbdrive/1.Github_Repositories/pccma_repo1_screen_image_profiling/CHP-134_repo1_screen/2.feature_extraction/loaddata_csvs/BR00149333_loaddata_with_illum.csv,865,1080,216,24,True,ready,
BR00149333,F,row_F,/media/18tbdrive/1.Github_Repositories/pccma_repo1_screen_image_profiling/CHP-134_repo1_screen/2.feature_extraction/loaddata_csvs/BR00149333_loaddata_with_illum.csv,1081,1296,216,24,True,ready,
BR00149333,G,row_G,/media/18tbdrive/1.Github_Repositories/pccma_repo1_screen_image_profiling/CHP-134_repo1_screen/2.feature_extraction/loaddata_csvs/BR00149333_loaddata_with_illum.csv,1297,1512,216,24,True,ready,
BR00149333,H,row_H,/media/18tbdrive/1.Github_Repositories/pccma_repo1_screen_image_profiling/CHP-134_repo1_screen/2.feature_extraction/loaddata_csvs/BR00149333_loaddata_with_illum.csv,1513,1728,216,24,True,ready,
BR00149333,I,row_I,/media/18tbdrive/1.Github_Repositories/pccma_repo1_screen_image_profiling/CHP-134_repo1_screen/2.feature_extraction/loaddata_csvs/BR00149333_loaddata_with_illum.csv,1729,1944,216,24,True,ready,
BR00149333,J,row_J,/media/18tbdrive/1.Github_Repositories/pccma_repo1_screen_image_profiling/CHP-134_repo1_screen/2.feature_extraction/loaddata_csvs/BR00149333_loaddata_with_illum.csv,1945,2160,216,24,True,ready,
BR00149333,K,row_K,/media/18tbdrive/1.Github_Repositories/pccma_repo1_screen_image_profiling/CHP-134_repo1_screen/2.feature_extraction/loaddata_csvs/BR00149333_loaddata_with_illum.csv,2161,2376,216,24,True,ready,
BR00149333,L,row_L,/media/18tbdrive/1.Github_Repositories/pccma_repo1_screen_image_profiling/CHP-134_repo1_screen/2.feature_extraction/loaddata_csvs/BR00149333_loaddata_with_illum.csv,2377,2592,216,24,True,ready,
BR00149333,M,row_M,/media/18tbdrive/1.Github_Repositories/pccma_repo1_screen_image_profiling/CHP-134_repo1_screen/2.feature_extraction/loaddata_csvs/BR00149333_loaddata_with_illum.csv,2593,2808,216,24,True,ready,
BR00149333,N,row_N,/media/18tbdrive/1.Github_Repositories/pccma_repo1_screen_image_profiling/CHP-134_repo1_screen/2.feature_extraction/loaddata_csvs/BR00149333_loaddata_with_illum.csv,2809,3024,216,24,True,ready,
BR00149333,O,row_O,/media/18tbdrive/1.Github_Repositories/pccma_repo1_screen_image_profiling/CHP-134_repo1_screen/2.feature_extraction/loaddata_csvs/BR00149333_loaddata_with_illum.csv,3025,3240,216,24,True,ready,
BR00149333,P,row_P,/media/18tbdrive/1.Github_Repositories/pccma_repo1_screen_image_profiling/CHP-134_repo1_screen/2.feature_extraction/loaddata_csvs/BR00149333_loaddata_with_illum.csv,3241,3456,216,24,True,ready,
BR00149355,A,row_A,/media/18tbdrive/1.Github_Repositories/pccma_repo1_screen_image_profiling/CHP-134_repo1_screen/2.feature_extraction/loaddata_csvs/BR00149355_loaddata_with_illum.csv,1,216,216,24,True,ready,
BR00149355,B,row_B,/media/18tbdrive/1.Github_Repositories/pccma_repo1_screen_image_profiling/CHP-134_repo1_screen/2.feature_extraction/loaddata_csvs/BR00149355_loaddata_with_illum.csv,217,432,216,24,True,ready,
BR00149355,C,row_C,/media/18tbdrive/1.Github_Repositories/pccma_repo1_screen_image_profiling/CHP-134_repo1_screen/2.feature_extraction/loaddata_csvs/BR00149355_loaddata_with_illum.csv,433,648,216,24,True,ready,
BR00149355,D,row_D,/media/18tbdrive/1.Github_Repositories/pccma_repo1_screen_image_profiling/CHP-134_repo1_screen/2.feature_extraction/loaddata_csvs/BR00149355_loaddata_with_illum.csv,649,864,216,24,True,ready,
BR00149355,E,row_E,/media/18tbdrive/1.Github_Repositories/pccma_repo1_screen_image_profiling/CHP-134_repo1_screen/2.feature_extraction/loaddata_csvs/BR00149355_loaddata_with_illum.csv,865,1080,216,24,True,ready,
BR00149355,F,row_F,/media/18tbdrive/1.Github_Repositories/pccma_repo1_screen_image_profiling/CHP-134_repo1_screen/2.feature_extraction/loaddata_csvs/BR00149355_loaddata_with_illum.csv,1081,1296,216,24,True,ready,
BR00149355,G,row_G,/media/18tbdrive/1.Github_Repositories/pccma_repo1_screen_image_profiling/CHP-134_repo1_screen/2.feature_extraction/loaddata_csvs/BR00149355_loaddata_with_illum.csv,1297,1512,216,24,True,ready,
BR00149355,H,row_H,/media/18tbdrive/1.Github_Repositories/pccma_repo1_screen_image_profiling/CHP-134_repo1_screen/2.feature_extraction/loaddata_csvs/BR00149355_loaddata_with_illum.csv,1513,1728,216,24,True,ready,
BR00149355,I,row_I,/media/18tbdrive/1.Github_Repositories/pccma_repo1_screen_image_profiling/CHP-134_repo1_screen/2.feature_extraction/loaddata_csvs/BR00149355_loaddata_with_illum.csv,1729,1944,216,24,True,ready,
BR00149355,J,row_J,/media/18tbdrive/1.Github_Repositories/pccma_repo1_screen_image_profiling/CHP-134_repo1_screen/2.feature_extraction/loaddata_csvs/BR00149355_loaddata_with_illum.csv,1945,2160,216,24,True,ready,
BR00149355,K,row_K,/media/18tbdrive/1.Github_Repositories/pccma_repo1_screen_image_profiling/CHP-134_repo1_screen/2.feature_extraction/loaddata_csvs/BR00149355_loaddata_with_illum.csv,2161,2376,216,24,True,ready,
BR00149355,L,row_L,/media/18tbdrive/1.Github_Repositories/pccma_repo1_screen_image_profiling/CHP-134_repo1_screen/2.feature_extraction/loaddata_csvs/BR00149355_loaddata_with_illum.csv,2377,2592,216,24,True,ready,
BR00149355,M,row_M,/media/18tbdrive/1.Github_Repositories/pccma_repo1_screen_image_profiling/CHP-134_repo1_screen/2.feature_extraction/loaddata_csvs/BR00149355_loaddata_with_illum.csv,2593,2808,216,24,True,ready,
BR00149355,N,row_N,/media/18tbdrive/1.Github_Repositories/pccma_repo1_screen_image_profiling/CHP-134_repo1_screen/2.feature_extraction/loaddata_csvs/BR00149355_loaddata_with_illum.csv,2809,3024,216,24,True,ready,
BR00149355,O,row_O,/media/18tbdrive/1.Github_Repositories/pccma_repo1_screen_image_profiling/CHP-134_repo1_screen/2.feature_extraction/loaddata_csvs/BR00149355_loaddata_with_illum.csv,3025,3240,216,24,True,ready,
BR00149355,P,row_P,/media/18tbdrive/1.Github_Repositories/pccma_repo1_screen_image_profiling/CHP-134_repo1_screen/2.feature_extraction/loaddata_csvs/BR00149355_loaddata_with_illum.csv,3241,3456,216,24,True,ready,
BR00149356,A,row_A,/media/18tbdrive/1.Github_Repositories/pccma_repo1_screen_image_profiling/CHP-134_repo1_screen/2.feature_extraction/loaddata_csvs/BR00149356_loaddata_with_illum.csv,1,216,216,24,True,ready,
BR00149356,B,row_B,/media/18tbdrive/1.Github_Repositories/pccma_repo1_screen_image_profiling/CHP-134_repo1_screen/2.feature_extraction/loaddata_csvs/BR00149356_loaddata_with_illum.csv,217,432,216,24,True,ready,
BR00149356,C,row_C,/media/18tbdrive/1.Github_Repositories/pccma_repo1_screen_image_profiling/CHP-134_repo1_screen/2.feature_extraction/loaddata_csvs/BR00149356_loaddata_with_illum.csv,433,648,216,24,True,ready,
BR00149356,D,row_D,/media/18tbdrive/1.Github_Repositories/pccma_repo1_screen_image_profiling/CHP-134_repo1_screen/2.feature_extraction/loaddata_csvs/BR00149356_loaddata_with_illum.csv,649,864,216,24,True,ready,
BR00149356,E,row_E,/media/18tbdrive/1.Github_Repositories/pccma_repo1_screen_image_profiling/CHP-134_repo1_screen/2.feature_extraction/loaddata_csvs/BR00149356_loaddata_with_illum.csv,865,1080,216,24,True,ready,
BR00149356,F,row_F,/media/18tbdrive/1.Github_Repositories/pccma_repo1_screen_image_profiling/CHP-134_repo1_screen/2.feature_extraction/loaddata_csvs/BR00149356_loaddata_with_illum.csv,1081,1296,216,24,True,ready,
BR00149356,G,row_G,/media/18tbdrive/1.Github_Repositories/pccma_repo1_screen_image_profiling/CHP-134_repo1_screen/2.feature_extraction/loaddata_csvs/BR00149356_loaddata_with_illum.csv,1297,1512,216,24,True,ready,
BR00149356,H,row_H,/media/18tbdrive/1.Github_Repositories/pccma_repo1_screen_image_profiling/CHP-134_repo1_screen/2.feature_extraction/loaddata_csvs/BR00149356_loaddata_with_illum.csv,1513,1728,216,24,True,ready,
BR00149356,I,row_I,/media/18tbdrive/1.Github_Repositories/pccma_repo1_screen_image_profiling/CHP-134_repo1_screen/2.feature_extraction/loaddata_csvs/BR00149356_loaddata_with_illum.csv,1729,1944,216,24,True,ready,
BR00149356,J,row_J,/media/18tbdrive/1.Github_Repositories/pccma_repo1_screen_image_profiling/CHP-134_repo1_screen/2.feature_extraction/loaddata_csvs/BR00149356_loaddata_with_illum.csv,1945,2160,216,24,True,ready,
BR00149356,K,row_K,/media/18tbdrive/1.Github_Repositories/pccma_repo1_screen_image_profiling/CHP-134_repo1_screen/2.feature_extraction/loaddata_csvs/BR00149356_loaddata_with_illum.csv,2161,2376,216,24,True,ready,
BR00149356,L,row_L,/media/18tbdrive/1.Github_Repositories/pccma_repo1_screen_image_profiling/CHP-134_repo1_screen/2.feature_extraction/loaddata_csvs/BR00149356_loaddata_with_illum.csv,2377,2592,216,24,True,ready,
BR00149356,M,row_M,/media/18tbdrive/1.Github_Repositories/pccma_repo1_screen_image_profiling/CHP-134_repo1_screen/2.feature_extraction/loaddata_csvs/BR00149356_loaddata_with_illum.csv,2593,2808,216,24,True,ready,
BR00149356,N,row_N,/media/18tbdrive/1.Github_Repositories/pccma_repo1_screen_image_profiling/CHP-134_repo1_screen/2.feature_extraction/loaddata_csvs/BR00149356_loaddata_with_illum.csv,2809,3024,216,24,True,ready,
BR00149356,O,row_O,/media/18tbdrive/1.Github_Repositories/pccma_repo1_screen_image_profiling/CHP-134_repo1_screen/2.feature_extraction/loaddata_csvs/BR00149356_loaddata_with_illum.csv,3025,3240,216,24,True,ready,
BR00149356,P,row_P,/media/18tbdrive/1.Github_Repositories/pccma_repo1_screen_image_profiling/CHP-134_repo1_screen/2.feature_extraction/loaddata_csvs/BR00149356_loaddata_with_illum.csv,3241,3456,216,24,True,ready,
BR00149357,A,row_A,/media/18tbdrive/1.Github_Repositories/pccma_repo1_screen_image_profiling/CHP-134_repo1_screen/2.feature_extraction/loaddata_csvs/BR00149357_loaddata_with_illum.csv,1,216,216,24,True,ready,
BR00149357,B,row_B,/media/18tbdrive/1.Github_Repositories/pccma_repo1_screen_image_profiling/CHP-134_repo1_screen/2.feature_extraction/loaddata_csvs/BR00149357_loaddata_with_illum.csv,217,432,216,24,True,ready,
BR00149357,C,row_C,/media/18tbdrive/1.Github_Repositories/pccma_repo1_screen_image_profiling/CHP-134_repo1_screen/2.feature_extraction/loaddata_csvs/BR00149357_loaddata_with_illum.csv,433,648,216,24,True,ready,
BR00149357,D,row_D,/media/18tbdrive/1.Github_Repositories/pccma_repo1_screen_image_profiling/CHP-134_repo1_screen/2.feature_extraction/loaddata_csvs/BR00149357_loaddata_with_illum.csv,649,864,216,24,True,ready,
BR00149357,E,row_E,/media/18tbdrive/1.Github_Repositories/pccma_repo1_screen_image_profiling/CHP-134_repo1_screen/2.feature_extraction/loaddata_csvs/BR00149357_loaddata_with_illum.csv,865,1080,216,24,True,ready,
BR00149357,F,row_F,/media/18tbdrive/1.Github_Repositories/pccma_repo1_screen_image_profiling/CHP-134_repo1_screen/2.feature_extraction/loaddata_csvs/BR00149357_loaddata_with_illum.csv,1081,1296,216,24,True,ready,
BR00149357,G,row_G,/media/18tbdrive/1.Github_Repositories/pccma_repo1_screen_image_profiling/CHP-134_repo1_screen/2.feature_extraction/loaddata_csvs/BR00149357_loaddata_with_illum.csv,1297,1512,216,24,True,ready,
BR00149357,H,row_H,/media/18tbdrive/1.Github_Repositories/pccma_repo1_screen_image_profiling/CHP-134_repo1_screen/2.feature_extraction/loaddata_csvs/BR00149357_loaddata_with_illum.csv,1513,1728,216,24,True,ready,
BR00149357,I,row_I,/media/18tbdrive/1.Github_Repositories/pccma_repo1_screen_image_profiling/CHP-134_repo1_screen/2.feature_extraction/loaddata_csvs/BR00149357_loaddata_with_illum.csv,1729,1944,216,24,True,ready,
BR00149357,J,row_J,/media/18tbdrive/1.Github_Repositories/pccma_repo1_screen_image_profiling/CHP-134_repo1_screen/2.feature_extraction/loaddata_csvs/BR00149357_loaddata_with_illum.csv,1945,2160,216,24,True,ready,
BR00149357,K,row_K,/media/18tbdrive/1.Github_Repositories/pccma_repo1_screen_image_profiling/CHP-134_repo1_screen/2.feature_extraction/loaddata_csvs/BR00149357_loaddata_with_illum.csv,2161,2376,216,24,True,ready,
BR00149357,L,row_L,/media/18tbdrive/1.Github_Repositories/pccma_repo1_screen_image_profiling/CHP-134_repo1_screen/2.feature_extraction/loaddata_csvs/BR00149357_loaddata_with_illum.csv,2377,2592,216,24,True,ready,
BR00149357,M,row_M,/media/18tbdrive/1.Github_Repositories/pccma_repo1_screen_image_profiling/CHP-134_repo1_screen/2.feature_extraction/loaddata_csvs/BR00149357_loaddata_with_illum.csv,2593,2808,216,24,True,ready,
BR00149357,N,row_N,/media/18tbdrive/1.Github_Repositories/pccma_repo1_screen_image_profiling/CHP-134_repo1_screen/2.feature_extraction/loaddata_csvs/BR00149357_loaddata_with_illum.csv,2809,3024,216,24,True,ready,
BR00149357,O,row_O,/media/18tbdrive/1.Github_Repositories/pccma_repo1_screen_image_profiling/CHP-134_repo1_screen/2.feature_extraction/loaddata_csvs/BR00149357_loaddata_with_illum.csv,3025,3240,216,24,True,ready,
BR00149357,P,row_P,/media/18tbdrive/1.Github_Repositories/pccma_repo1_screen_image_profiling/CHP-134_repo1_screen/2.feature_extraction/loaddata_csvs/BR00149357_loaddata_with_illum.csv,3241,3456,216,24,True,ready,
BR00149358,A,row_A,/media/18tbdrive/1.Github_Repositories/pccma_repo1_screen_image_profiling/CHP-134_repo1_screen/2.feature_extraction/loaddata_csvs/BR00149358_loaddata_with_illum.csv,1,216,216,24,True,ready,
BR00149358,B,row_B,/media/18tbdrive/1.Github_Repositories/pccma_repo1_screen_image_profiling/CHP-134_repo1_screen/2.feature_extraction/loaddata_csvs/BR00149358_loaddata_with_illum.csv,217,432,216,24,True,ready,
BR00149358,C,row_C,/media/18tbdrive/1.Github_Repositories/pccma_repo1_screen_image_profiling/CHP-134_repo1_screen/2.feature_extraction/loaddata_csvs/BR00149358_loaddata_with_illum.csv,433,648,216,24,True,ready,
BR00149358,D,row_D,/media/18tbdrive/1.Github_Repositories/pccma_repo1_screen_image_profiling/CHP-134_repo1_screen/2.feature_extraction/loaddata_csvs/BR00149358_loaddata_with_illum.csv,649,864,216,24,True,ready,
BR00149358,E,row_E,/media/18tbdrive/1.Github_Repositories/pccma_repo1_screen_image_profiling/CHP-134_repo1_screen/2.feature_extraction/loaddata_csvs/BR00149358_loaddata_with_illum.csv,865,1080,216,24,True,ready,
BR00149358,F,row_F,/media/18tbdrive/1.Github_Repositories/pccma_repo1_screen_image_profiling/CHP-134_repo1_screen/2.feature_extraction/loaddata_csvs/BR00149358_loaddata_with_illum.csv,1081,1296,216,24,True,ready,
BR00149358,G,row_G,/media/18tbdrive/1.Github_Repositories/pccma_repo1_screen_image_profiling/CHP-134_repo1_screen/2.feature_extraction/loaddata_csvs/BR00149358_loaddata_with_illum.csv,1297,1512,216,24,True,ready,
BR00149358,H,row_H,/media/18tbdrive/1.Github_Repositories/pccma_repo1_screen_image_profiling/CHP-134_repo1_screen/2.feature_extraction/loaddata_csvs/BR00149358_loaddata_with_illum.csv,1513,1728,216,24,True,ready,
BR00149358,I,row_I,/media/18tbdrive/1.Github_Repositories/pccma_repo1_screen_image_profiling/CHP-134_repo1_screen/2.feature_extraction/loaddata_csvs/BR00149358_loaddata_with_illum.csv,1729,1944,216,24,True,ready,
BR00149358,J,row_J,/media/18tbdrive/1.Github_Repositories/pccma_repo1_screen_image_profiling/CHP-134_repo1_screen/2.feature_extraction/loaddata_csvs/BR00149358_loaddata_with_illum.csv,1945,2160,216,24,True,ready,
BR00149358,K,row_K,/media/18tbdrive/1.Github_Repositories/pccma_repo1_screen_image_profiling/CHP-134_repo1_screen/2.feature_extraction/loaddata_csvs/BR00149358_loaddata_with_illum.csv,2161,2376,216,24,True,ready,
BR00149358,L,row_L,/media/18tbdrive/1.Github_Repositories/pccma_repo1_screen_image_profiling/CHP-134_repo1_screen/2.feature_extraction/loaddata_csvs/BR00149358_loaddata_with_illum.csv,2377,2592,216,24,True,ready,
BR00149358,M,row_M,/media/18tbdrive/1.Github_Repositories/pccma_repo1_screen_image_profiling/CHP-134_repo1_screen/2.feature_extraction/loaddata_csvs/BR00149358_loaddata_with_illum.csv,2593,2808,216,24,True,ready,
BR00149358,N,row_N,/media/18tbdrive/1.Github_Repositories/pccma_repo1_screen_image_profiling/CHP-134_repo1_screen/2.feature_extraction/loaddata_csvs/BR00149358_loaddata_with_illum.csv,2809,3024,216,24,True,ready,
BR00149358,O,row_O,/media/18tbdrive/1.Github_Repositories/pccma_repo1_screen_image_profiling/CHP-134_repo1_screen/2.feature_extraction/loaddata_csvs/BR00149358_loaddata_with_illum.csv,3025,3240,216,24,True,ready,
BR00149358,P,row_P,/media/18tbdrive/1.Github_Repositories/pccma_repo1_screen_image_profiling/CHP-134_repo1_screen/2.feature_extraction/loaddata_csvs/BR00149358_loaddata_with_illum.csv,3241,3456,216,24,True,ready,
BR00149359,A,row_A,/media/18tbdrive/1.Github_Repositories/pccma_repo1_screen_image_profiling/CHP-134_repo1_screen/2.feature_extraction/loaddata_csvs/BR00149359_loaddata_with_illum.csv,1,216,216,24,True,ready,
BR00149359,B,row_B,/media/18tbdrive/1.Github_Repositories/pccma_repo1_screen_image_profiling/CHP-134_repo1_screen/2.feature_extraction/loaddata_csvs/BR00149359_loaddata_with_illum.csv,217,432,216,24,True,ready,
BR00149359,C,row_C,/media/18tbdrive/1.Github_Repositories/pccma_repo1_screen_image_profiling/CHP-134_repo1_screen/2.feature_extraction/loaddata_csvs/BR00149359_loaddata_with_illum.csv,433,648,216,24,True,ready,
BR00149359,D,row_D,/media/18tbdrive/1.Github_Repositories/pccma_repo1_screen_image_profiling/CHP-134_repo1_screen/2.feature_extraction/loaddata_csvs/BR00149359_loaddata_with_illum.csv,649,864,216,24,True,ready,
BR00149359,E,row_E,/media/18tbdrive/1.Github_Repositories/pccma_repo1_screen_image_profiling/CHP-134_repo1_screen/2.feature_extraction/loaddata_csvs/BR00149359_loaddata_with_illum.csv,865,1080,216,24,True,ready,
BR00149359,F,row_F,/media/18tbdrive/1.Github_Repositories/pccma_repo1_screen_image_profiling/CHP-134_repo1_screen/2.feature_extraction/loaddata_csvs/BR00149359_loaddata_with_illum.csv,1081,1296,216,24,True,ready,
BR00149359,G,row_G,/media/18tbdrive/1.Github_Repositories/pccma_repo1_screen_image_profiling/CHP-134_repo1_screen/2.feature_extraction/loaddata_csvs/BR00149359_loaddata_with_illum.csv,1297,1512,216,24,True,ready,
BR00149359,H,row_H,/media/18tbdrive/1.Github_Repositories/pccma_repo1_screen_image_profiling/CHP-134_repo1_screen/2.feature_extraction/loaddata_csvs/BR00149359_loaddata_with_illum.csv,1513,1728,216,24,True,ready,
BR00149359,I,row_I,/media/18tbdrive/1.Github_Repositories/pccma_repo1_screen_image_profiling/CHP-134_repo1_screen/2.feature_extraction/loaddata_csvs/BR00149359_loaddata_with_illum.csv,1729,1944,216,24,True,ready,
BR00149359,J,row_J,/media/18tbdrive/1.Github_Repositories/pccma_repo1_screen_image_profiling/CHP-134_repo1_screen/2.feature_extraction/loaddata_csvs/BR00149359_loaddata_with_illum.csv,1945,2160,216,24,True,ready,
BR00149359,K,row_K,/media/18tbdrive/1.Github_Repositories/pccma_repo1_screen_image_profiling/CHP-134_repo1_screen/2.feature_extraction/loaddata_csvs/BR00149359_loaddata_with_illum.csv,2161,2376,216,24,True,ready,
BR00149359,L,row_L,/media/18tbdrive/1.Github_Repositories/pccma_repo1_screen_image_profiling/CHP-134_repo1_screen/2.feature_extraction/loaddata_csvs/BR00149359_loaddata_with_illum.csv,2377,2592,216,24,True,ready,
BR00149359,M,row_M,/media/18tbdrive/1.Github_Repositories/pccma_repo1_screen_image_profiling/CHP-134_repo1_screen/2.feature_extraction/loaddata_csvs/BR00149359_loaddata_with_illum.csv,2593,2808,216,24,True,ready,
BR00149359,N,row_N,/media/18tbdrive/1.Github_Repositories/pccma_repo1_screen_image_profiling/CHP-134_repo1_screen/2.feature_extraction/loaddata_csvs/BR00149359_loaddata_with_illum.csv,2809,3024,216,24,True,ready,
BR00149359,O,row_O,/media/18tbdrive/1.Github_Repositories/pccma_repo1_screen_image_profiling/CHP-134_repo1_screen/2.feature_extraction/loaddata_csvs/BR00149359_loaddata_with_illum.csv,3025,3240,216,24,True,ready,
BR00149359,P,row_P,/media/18tbdrive/1.Github_Repositories/pccma_repo1_screen_image_profiling/CHP-134_repo1_screen/2.feature_extraction/loaddata_csvs/BR00149359_loaddata_with_illum.csv,3241,3456,216,24,True,ready,
BR00149360,A,row_A,/media/18tbdrive/1.Github_Repositories/pccma_repo1_screen_image_profiling/CHP-134_repo1_screen/2.feature_extraction/loaddata_csvs/BR00149360_loaddata_with_illum.csv,1,216,216,24,True,ready,
BR00149360,B,row_B,/media/18tbdrive/1.Github_Repositories/pccma_repo1_screen_image_profiling/CHP-134_repo1_screen/2.feature_extraction/loaddata_csvs/BR00149360_loaddata_with_illum.csv,217,432,216,24,True,ready,
BR00149360,C,row_C,/media/18tbdrive/1.Github_Repositories/pccma_repo1_screen_image_profiling/CHP-134_repo1_screen/2.feature_extraction/loaddata_csvs/BR00149360_loaddata_with_illum.csv,433,648,216,24,True,ready,
BR00149360,D,row_D,/media/18tbdrive/1.Github_Repositories/pccma_repo1_screen_image_profiling/CHP-134_repo1_screen/2.feature_extraction/loaddata_csvs/BR00149360_loaddata_with_illum.csv,649,864,216,24,True,ready,
BR00149360,E,row_E,/media/18tbdrive/1.Github_Repositories/pccma_repo1_screen_image_profiling/CHP-134_repo1_screen/2.feature_extraction/loaddata_csvs/BR00149360_loaddata_with_illum.csv,865,1080,216,24,True,ready,
BR00149360,F,row_F,/media/18tbdrive/1.Github_Repositories/pccma_repo1_screen_image_profiling/CHP-134_repo1_screen/2.feature_extraction/loaddata_csvs/BR00149360_loaddata_with_illum.csv,1081,1296,216,24,True,ready,
BR00149360,G,row_G,/media/18tbdrive/1.Github_Repositories/pccma_repo1_screen_image_profiling/CHP-134_repo1_screen/2.feature_extraction/loaddata_csvs/BR00149360_loaddata_with_illum.csv,1297,1512,216,24,True,ready,
BR00149360,H,row_H,/media/18tbdrive/1.Github_Repositories/pccma_repo1_screen_image_profiling/CHP-134_repo1_screen/2.feature_extraction/loaddata_csvs/BR00149360_loaddata_with_illum.csv,1513,1728,216,24,True,ready,
BR00149360,I,row_I,/media/18tbdrive/1.Github_Repositories/pccma_repo1_screen_image_profiling/CHP-134_repo1_screen/2.feature_extraction/loaddata_csvs/BR00149360_loaddata_with_illum.csv,1729,1944,216,24,True,ready,
BR00149360,J,row_J,/media/18tbdrive/1.Github_Repositories/pccma_repo1_screen_image_profiling/CHP-134_repo1_screen/2.feature_extraction/loaddata_csvs/BR00149360_loaddata_with_illum.csv,1945,2160,216,24,True,ready,
BR00149360,K,row_K,/media/18tbdrive/1.Github_Repositories/pccma_repo1_screen_image_profiling/CHP-134_repo1_screen/2.feature_extraction/loaddata_csvs/BR00149360_loaddata_with_illum.csv,2161,2376,216,24,True,ready,
BR00149360,L,row_L,/media/18tbdrive/1.Github_Repositories/pccma_repo1_screen_image_profiling/CHP-134_repo1_screen/2.feature_extraction/loaddata_csvs/BR00149360_loaddata_with_illum.csv,2377,2592,216,24,True,ready,
BR00149360,M,row_M,/media/18tbdrive/1.Github_Repositories/pccma_repo1_screen_image_profiling/CHP-134_repo1_screen/2.feature_extraction/loaddata_csvs/BR00149360_loaddata_with_illum.csv,2593,2808,216,24,True,ready,
BR00149360,N,row_N,/media/18tbdrive/1.Github_Repositories/pccma_repo1_screen_image_profiling/CHP-134_repo1_screen/2.feature_extraction/loaddata_csvs/BR00149360_loaddata_with_illum.csv,2809,3024,216,24,True,ready,
BR00149360,O,row_O,/media/18tbdrive/1.Github_Repositories/pccma_repo1_screen_image_profiling/CHP-134_repo1_screen/2.feature_extraction/loaddata_csvs/BR00149360_loaddata_with_illum.csv,3025,3240,216,24,True,ready,
BR00149360,P,row_P,/media/18tbdrive/1.Github_Repositories/pccma_repo1_screen_image_profiling/CHP-134_repo1_screen/2.feature_extraction/loaddata_csvs/BR00149360_loaddata_with_illum.csv,3241,3456,216,24,True,ready,
BR00149361,A,row_A,/media/18tbdrive/1.Github_Repositories/pccma_repo1_screen_image_profiling/CHP-134_repo1_screen/2.feature_extraction/loaddata_csvs/BR00149361_loaddata_with_illum.csv,1,216,216,24,True,ready,
BR00149361,B,row_B,/media/18tbdrive/1.Github_Repositories/pccma_repo1_screen_image_profiling/CHP-134_repo1_screen/2.feature_extraction/loaddata_csvs/BR00149361_loaddata_with_illum.csv,217,432,216,24,True,ready,
BR00149361,C,row_C,/media/18tbdrive/1.Github_Repositories/pccma_repo1_screen_image_profiling/CHP-134_repo1_screen/2.feature_extraction/loaddata_csvs/BR00149361_loaddata_with_illum.csv,433,648,216,24,True,ready,
BR00149361,D,row_D,/media/18tbdrive/1.Github_Repositories/pccma_repo1_screen_image_profiling/CHP-134_repo1_screen/2.feature_extraction/loaddata_csvs/BR00149361_loaddata_with_illum.csv,649,864,216,24,True,ready,
BR00149361,E,row_E,/media/18tbdrive/1.Github_Repositories/pccma_repo1_screen_image_profiling/CHP-134_repo1_screen/2.feature_extraction/loaddata_csvs/BR00149361_loaddata_with_illum.csv,865,1080,216,24,True,ready,
BR00149361,F,row_F,/media/18tbdrive/1.Github_Repositories/pccma_repo1_screen_image_profiling/CHP-134_repo1_screen/2.feature_extraction/loaddata_csvs/BR00149361_loaddata_with_illum.csv,1081,1296,216,24,True,ready,
BR00149361,G,row_G,/media/18tbdrive/1.Github_Repositories/pccma_repo1_screen_image_profiling/CHP-134_repo1_screen/2.feature_extraction/loaddata_csvs/BR00149361_loaddata_with_illum.csv,1297,1512,216,24,True,ready,
BR00149361,H,row_H,/media/18tbdrive/1.Github_Repositories/pccma_repo1_screen_image_profiling/CHP-134_repo1_screen/2.feature_extraction/loaddata_csvs/BR00149361_loaddata_with_illum.csv,1513,1728,216,24,True,ready,
BR00149361,I,row_I,/media/18tbdrive/1.Github_Repositories/pccma_repo1_screen_image_profiling/CHP-134_repo1_screen/2.feature_extraction/loaddata_csvs/BR00149361_loaddata_with_illum.csv,1729,1944,216,24,True,ready,
BR00149361,J,row_J,/media/18tbdrive/1.Github_Repositories/pccma_repo1_screen_image_profiling/CHP-134_repo1_screen/2.feature_extraction/loaddata_csvs/BR00149361_loaddata_with_illum.csv,1945,2160,216,24,True,ready,
BR00149361,K,row_K,/media/18tbdrive/1.Github_Repositories/pccma_repo1_screen_image_profiling/CHP-134_repo1_screen/2.feature_extraction/loaddata_csvs/BR00149361_loaddata_with_illum.csv,2161,2376,216,24,True,ready,
BR00149361,L,row_L,/media/18tbdrive/1.Github_Repositories/pccma_repo1_screen_image_profiling/CHP-134_repo1_screen/2.feature_extraction/loaddata_csvs/BR00149361_loaddata_with_illum.csv,2377,2592,216,24,True,ready,
BR00149361,M,row_M,/media/18tbdrive/1.Github_Repositories/pccma_repo1_screen_image_profiling/CHP-134_repo1_screen/2.feature_extraction/loaddata_csvs/BR00149361_loaddata_with_illum.csv,2593,2808,216,24,True,ready,
BR00149361,N,row_N,/media/18tbdrive/1.Github_Repositories/pccma_repo1_screen_image_profiling/CHP-134_repo1_screen/2.feature_extraction/loaddata_csvs/BR00149361_loaddata_with_illum.csv,2809,3024,216,24,True,ready,
BR00149361,O,row_O,/media/18tbdrive/1.Github_Repositories/pccma_repo1_screen_image_profiling/CHP-134_repo1_screen/2.feature_extraction/loaddata_csvs/BR00149361_loaddata_with_illum.csv,3025,3240,216,24,True,ready,
BR00149361,P,row_P,/media/18tbdrive/1.Github_Repositories/pccma_repo1_screen_image_profiling/CHP-134_repo1_screen/2.feature_extraction/loaddata_csvs/BR00149361_loaddata_with_illum.csv,3241,3456,216,24,True,ready,
BR00149543,A,row_A,/media/18tbdrive/1.Github_Repositories/pccma_repo1_screen_image_profiling/CHP-134_repo1_screen/2.feature_extraction/loaddata_csvs/BR00149543_loaddata_with_illum.csv,1,215,215,24,True,ready,
BR00149543,B,row_B,/media/18tbdrive/1.Github_Repositories/pccma_repo1_screen_image_profiling/CHP-134_repo1_screen/2.feature_extraction/loaddata_csvs/BR00149543_loaddata_with_illum.csv,216,431,216,24,True,ready,
BR00149543,C,row_C,/media/18tbdrive/1.Github_Repositories/pccma_repo1_screen_image_profiling/CHP-134_repo1_screen/2.feature_extraction/loaddata_csvs/BR00149543_loaddata_with_illum.csv,432,647,216,24,True,ready,
BR00149543,D,row_D,/media/18tbdrive/1.Github_Repositories/pccma_repo1_screen_image_profiling/CHP-134_repo1_screen/2.feature_extraction/loaddata_csvs/BR00149543_loaddata_with_illum.csv,648,863,216,24,True,ready,
BR00149543,E,row_E,/media/18tbdrive/1.Github_Repositories/pccma_repo1_screen_image_profiling/CHP-134_repo1_screen/2.feature_extraction/loaddata_csvs/BR00149543_loaddata_with_illum.csv,864,1079,216,24,True,ready,
BR00149543,F,row_F,/media/18tbdrive/1.Github_Repositories/pccma_repo1_screen_image_profiling/CHP-134_repo1_screen/2.feature_extraction/loaddata_csvs/BR00149543_loaddata_with_illum.csv,1080,1295,216,24,True,ready,
BR00149543,G,row_G,/media/18tbdrive/1.Github_Repositories/pccma_repo1_screen_image_profiling/CHP-134_repo1_screen/2.feature_extraction/loaddata_csvs/BR00149543_loaddata_with_illum.csv,1296,1511,216,24,True,ready,
BR00149543,H,row_H,/media/18tbdrive/1.Github_Repositories/pccma_repo1_screen_image_profiling/CHP-134_repo1_screen/2.feature_extraction/loaddata_csvs/BR00149543_loaddata_with_illum.csv,1512,1727,216,24,True,ready,
BR00149543,I,row_I,/media/18tbdrive/1.Github_Repositories/pccma_repo1_screen_image_profiling/CHP-134_repo1_screen/2.feature_extraction/loaddata_csvs/BR00149543_loaddata_with_illum.csv,1728,1943,216,24,True,ready,
BR00149543,J,row_J,/media/18tbdrive/1.Github_Repositories/pccma_repo1_screen_image_profiling/CHP-134_repo1_screen/2.feature_extraction/loaddata_csvs/BR00149543_loaddata_with_illum.csv,1944,2159,216,24,True,ready,
BR00149543,K,row_K,/media/18tbdrive/1.Github_Repositories/pccma_repo1_screen_image_profiling/CHP-134_repo1_screen/2.feature_extraction/loaddata_csvs/BR00149543_loaddata_with_illum.csv,2160,2375,216,24,True,ready,
BR00149543,L,row_L,/media/18tbdrive/1.Github_Repositories/pccma_repo1_screen_image_profiling/CHP-134_repo1_screen/2.feature_extraction/loaddata_csvs/BR00149543_loaddata_with_illum.csv,2376,2591,216,24,True,ready,
BR00149543,M,row_M,/media/18tbdrive/1.Github_Repositories/pccma_repo1_screen_image_profiling/CHP-134_repo1_screen/2.feature_extraction/loaddata_csvs/BR00149543_loaddata_with_illum.csv,2592,2807,216,24,True,ready,
BR00149543,N,row_N,/media/18tbdrive/1.Github_Repositories/pccma_repo1_screen_image_profiling/CHP-134_repo1_screen/2.feature_extraction/loaddata_csvs/BR00149543_loaddata_with_illum.csv,2808,3023,216,24,True,ready,
BR00149543,O,row_O,/media/18tbdrive/1.Github_Repositories/pccma_repo1_screen_image_profiling/CHP-134_repo1_screen/2.feature_extraction/loaddata_csvs/BR00149543_loaddata_with_illum.csv,3024,3239,216,24,True,ready,
BR00149543,P,row_P,/media/18tbdrive/1.Github_Repositories/pccma_repo1_screen_image_profiling/CHP-134_repo1_screen/2.feature_extraction/loaddata_csvs/BR00149543_loaddata_with_illum.csv,3240,3455,216,24,True,ready,
BR00149544,A,row_A,/media/18tbdrive/1.Github_Repositories/pccma_repo1_screen_image_profiling/CHP-134_repo1_screen/2.feature_extraction/loaddata_csvs/BR00149544_loaddata_with_illum.csv,1,216,216,24,True,ready,
BR00149544,B,row_B,/media/18tbdrive/1.Github_Repositories/pccma_repo1_screen_image_profiling/CHP-134_repo1_screen/2.feature_extraction/loaddata_csvs/BR00149544_loaddata_with_illum.csv,217,432,216,24,True,ready,
BR00149544,C,row_C,/media/18tbdrive/1.Github_Repositories/pccma_repo1_screen_image_profiling/CHP-134_repo1_screen/2.feature_extraction/loaddata_csvs/BR00149544_loaddata_with_illum.csv,433,648,216,24,True,ready,
BR00149544,D,row_D,/media/18tbdrive/1.Github_Repositories/pccma_repo1_screen_image_profiling/CHP-134_repo1_screen/2.feature_extraction/loaddata_csvs/BR00149544_loaddata_with_illum.csv,649,864,216,24,True,ready,
BR00149544,E,row_E,/media/18tbdrive/1.Github_Repositories/pccma_repo1_screen_image_profiling/CHP-134_repo1_screen/2.feature_extraction/loaddata_csvs/BR00149544_loaddata_with_illum.csv,865,1080,216,24,True,ready,
BR00149544,F,row_F,/media/18tbdrive/1.Github_Repositories/pccma_repo1_screen_image_profiling/CHP-134_repo1_screen/2.feature_extraction/loaddata_csvs/BR00149544_loaddata_with_illum.csv,1081,1296,216,24,True,ready,
BR00149544,G,row_G,/media/18tbdrive/1.Github_Repositories/pccma_repo1_screen_image_profiling/CHP-134_repo1_screen/2.feature_extraction/loaddata_csvs/BR00149544_loaddata_with_illum.csv,1297,1512,216,24,True,ready,
BR00149544,H,row_H,/media/18tbdrive/1.Github_Repositories/pccma_repo1_screen_image_profiling/CHP-134_repo1_screen/2.feature_extraction/loaddata_csvs/BR00149544_loaddata_with_illum.csv,1513,1728,216,24,True,ready,
BR00149544,I,row_I,/media/18tbdrive/1.Github_Repositories/pccma_repo1_screen_image_profiling/CHP-134_repo1_screen/2.feature_extraction/loaddata_csvs/BR00149544_loaddata_with_illum.csv,1729,1944,216,24,True,ready,
BR00149544,J,row_J,/media/18tbdrive/1.Github_Repositories/pccma_repo1_screen_image_profiling/CHP-134_repo1_screen/2.feature_extraction/loaddata_csvs/BR00149544_loaddata_with_illum.csv,1945,2160,216,24,True,ready,
BR00149544,K,row_K,/media/18tbdrive/1.Github_Repositories/pccma_repo1_screen_image_profiling/CHP-134_repo1_screen/2.feature_extraction/loaddata_csvs/BR00149544_loaddata_with_illum.csv,2161,2376,216,24,True,ready,
BR00149544,L,row_L,/media/18tbdrive/1.Github_Repositories/pccma_repo1_screen_image_profiling/CHP-134_repo1_screen/2.feature_extraction/loaddata_csvs/BR00149544_loaddata_with_illum.csv,2377,2592,216,24,True,ready,
BR00149544,M,row_M,/media/18tbdrive/1.Github_Repositories/pccma_repo1_screen_image_profiling/CHP-134_repo1_screen/2.feature_extraction/loaddata_csvs/BR00149544_loaddata_with_illum.csv,2593,2808,216,24,True,ready,
BR00149544,N,row_N,/media/18tbdrive/1.Github_Repositories/pccma_repo1_screen_image_profiling/CHP-134_repo1_screen/2.feature_extraction/loaddata_csvs/BR00149544_loaddata_with_illum.csv,2809,3024,216,24,True,ready,
BR00149544,O,row_O,/media/18tbdrive/1.Github_Repositories/pccma_repo1_screen_image_profiling/CHP-134_repo1_screen/2.feature_extraction/loaddata_csvs/BR00149544_loaddata_with_illum.csv,3025,3240,216,24,True,ready,
BR00149544,P,row_P,/media/18tbdrive/1.Github_Repositories/pccma_repo1_screen_image_profiling/CHP-134_repo1_screen/2.feature_extraction/loaddata_csvs/BR00149544_loaddata_with_illum.csv,3241,3456,216,24,True,ready,
BR00149545,A,row_A,/media/18tbdrive/1.Github_Repositories/pccma_repo1_screen_image_profiling/CHP-134_repo1_screen/2.feature_extraction/loaddata_csvs/BR00149545_loaddata_with_illum.csv,1,216,216,24,True,ready,
BR00149545,B,row_B,/media/18tbdrive/1.Github_Repositories/pccma_repo1_screen_image_profiling/CHP-134_repo1_screen/2.feature_extraction/loaddata_csvs/BR00149545_loaddata_with_illum.csv,217,432,216,24,True,ready,
BR00149545,C,row_C,/media/18tbdrive/1.Github_Repositories/pccma_repo1_screen_image_profiling/CHP-134_repo1_screen/2.feature_extraction/loaddata_csvs/BR00149545_loaddata_with_illum.csv,433,648,216,24,True,ready,
BR00149545,D,row_D,/media/18tbdrive/1.Github_Repositories/pccma_repo1_screen_image_profiling/CHP-134_repo1_screen/2.feature_extraction/loaddata_csvs/BR00149545_loaddata_with_illum.csv,649,864,216,24,True,ready,
BR00149545,E,row_E,/media/18tbdrive/1.Github_Repositories/pccma_repo1_screen_image_profiling/CHP-134_repo1_screen/2.feature_extraction/loaddata_csvs/BR00149545_loaddata_with_illum.csv,865,1080,216,24,True,ready,
BR00149545,F,row_F,/media/18tbdrive/1.Github_Repositories/pccma_repo1_screen_image_profiling/CHP-134_repo1_screen/2.feature_extraction/loaddata_csvs/BR00149545_loaddata_with_illum.csv,1081,1296,216,24,True,ready,
BR00149545,G,row_G,/media/18tbdrive/1.Github_Repositories/pccma_repo1_screen_image_profiling/CHP-134_repo1_screen/2.feature_extraction/loaddata_csvs/BR00149545_loaddata_with_illum.csv,1297,1512,216,24,True,ready,
BR00149545,H,row_H,/media/18tbdrive/1.Github_Repositories/pccma_repo1_screen_image_profiling/CHP-134_repo1_screen/2.feature_extraction/loaddata_csvs/BR00149545_loaddata_with_illum.csv,1513,1728,216,24,True,ready,
BR00149545,I,row_I,/media/18tbdrive/1.Github_Repositories/pccma_repo1_screen_image_profiling/CHP-134_repo1_screen/2.feature_extraction/loaddata_csvs/BR00149545_loaddata_with_illum.csv,1729,1944,216,24,True,ready,
BR00149545,J,row_J,/media/18tbdrive/1.Github_Repositories/pccma_repo1_screen_image_profiling/CHP-134_repo1_screen/2.feature_extraction/loaddata_csvs/BR00149545_loaddata_with_illum.csv,1945,2160,216,24,True,ready,
BR00149545,K,row_K,/media/18tbdrive/1.Github_Repositories/pccma_repo1_screen_image_profiling/CHP-134_repo1_screen/2.feature_extraction/loaddata_csvs/BR00149545_loaddata_with_illum.csv,2161,2376,216,24,True,ready,
BR00149545,L,row_L,/media/18tbdrive/1.Github_Repositories/pccma_repo1_screen_image_profiling/CHP-134_repo1_screen/2.feature_extraction/loaddata_csvs/BR00149545_loaddata_with_illum.csv,2377,2592,216,24,True,ready,
BR00149545,M,row_M,/media/18tbdrive/1.Github_Repositories/pccma_repo1_screen_image_profiling/CHP-134_repo1_screen/2.feature_extraction/loaddata_csvs/BR00149545_loaddata_with_illum.csv,2593,2808,216,24,True,ready,
BR00149545,N,row_N,/media/18tbdrive/1.Github_Repositories/pccma_repo1_screen_image_profiling/CHP-134_repo1_screen/2.feature_extraction/loaddata_csvs/BR00149545_loaddata_with_illum.csv,2809,3024,216,24,True,ready,
BR00149545,O,row_O,/media/18tbdrive/1.Github_Repositories/pccma_repo1_screen_image_profiling/CHP-134_repo1_screen/2.feature_extraction/loaddata_csvs/BR00149545_loaddata_with_illum.csv,3025,3240,216,24,True,ready,
BR00149545,P,row_P,/media/18tbdrive/1.Github_Repositories/pccma_repo1_screen_image_profiling/CHP-134_repo1_screen/2.feature_extraction/loaddata_csvs/BR00149545_loaddata_with_illum.csv,3241,3456,216,24,True,ready,
BR00149546,A,row_A,/media/18tbdrive/1.Github_Repositories/pccma_repo1_screen_image_profiling/CHP-134_repo1_screen/2.feature_extraction/loaddata_csvs/BR00149546_loaddata_with_illum.csv,1,216,216,24,True,ready,
BR00149546,B,row_B,/media/18tbdrive/1.Github_Repositories/pccma_repo1_screen_image_profiling/CHP-134_repo1_screen/2.feature_extraction/loaddata_csvs/BR00149546_loaddata_with_illum.csv,217,432,216,24,True,ready,
BR00149546,C,row_C,/media/18tbdrive/1.Github_Repositories/pccma_repo1_screen_image_profiling/CHP-134_repo1_screen/2.feature_extraction/loaddata_csvs/BR00149546_loaddata_with_illum.csv,433,648,216,24,True,ready,
BR00149546,D,row_D,/media/18tbdrive/1.Github_Repositories/pccma_repo1_screen_image_profiling/CHP-134_repo1_screen/2.feature_extraction/loaddata_csvs/BR00149546_loaddata_with_illum.csv,649,864,216,24,True,ready,
BR00149546,E,row_E,/media/18tbdrive/1.Github_Repositories/pccma_repo1_screen_image_profiling/CHP-134_repo1_screen/2.feature_extraction/loaddata_csvs/BR00149546_loaddata_with_illum.csv,865,1080,216,24,True,ready,
BR00149546,F,row_F,/media/18tbdrive/1.Github_Repositories/pccma_repo1_screen_image_profiling/CHP-134_repo1_screen/2.feature_extraction/loaddata_csvs/BR00149546_loaddata_with_illum.csv,1081,1296,216,24,True,ready,
BR00149546,G,row_G,/media/18tbdrive/1.Github_Repositories/pccma_repo1_screen_image_profiling/CHP-134_repo1_screen/2.feature_extraction/loaddata_csvs/BR00149546_loaddata_with_illum.csv,1297,1512,216,24,True,ready,
BR00149546,H,row_H,/media/18tbdrive/1.Github_Repositories/pccma_repo1_screen_image_profiling/CHP-134_repo1_screen/2.feature_extraction/loaddata_csvs/BR00149546_loaddata_with_illum.csv,1513,1728,216,24,True,ready,
BR00149546,I,row_I,/media/18tbdrive/1.Github_Repositories/pccma_repo1_screen_image_profiling/CHP-134_repo1_screen/2.feature_extraction/loaddata_csvs/BR00149546_loaddata_with_illum.csv,1729,1944,216,24,True,ready,
BR00149546,J,row_J,/media/18tbdrive/1.Github_Repositories/pccma_repo1_screen_image_profiling/CHP-134_repo1_screen/2.feature_extraction/loaddata_csvs/BR00149546_loaddata_with_illum.csv,1945,2160,216,24,True,ready,
BR00149546,K,row_K,/media/18tbdrive/1.Github_Repositories/pccma_repo1_screen_image_profiling/CHP-134_repo1_screen/2.feature_extraction/loaddata_csvs/BR00149546_loaddata_with_illum.csv,2161,2376,216,24,True,ready,
BR00149546,L,row_L,/media/18tbdrive/1.Github_Repositories/pccma_repo1_screen_image_profiling/CHP-134_repo1_screen/2.feature_extraction/loaddata_csvs/BR00149546_loaddata_with_illum.csv,2377,2592,216,24,True,ready,
BR00149546,M,row_M,/media/18tbdrive/1.Github_Repositories/pccma_repo1_screen_image_profiling/CHP-134_repo1_screen/2.feature_extraction/loaddata_csvs/BR00149546_loaddata_with_illum.csv,2593,2808,216,24,True,ready,
BR00149546,N,row_N,/media/18tbdrive/1.Github_Repositories/pccma_repo1_screen_image_profiling/CHP-134_repo1_screen/2.feature_extraction/loaddata_csvs/BR00149546_loaddata_with_illum.csv,2809,3024,216,24,True,ready,
BR00149546,O,row_O,/media/18tbdrive/1.Github_Repositories/pccma_repo1_screen_image_profiling/CHP-134_repo1_screen/2.feature_extraction/loaddata_csvs/BR00149546_loaddata_with_illum.csv,3025,3240,216,24,True,ready,
BR00149546,P,row_P,/media/18tbdrive/1.Github_Repositories/pccma_repo1_screen_image_profiling/CHP-134_repo1_screen/2.feature_extraction/loaddata_csvs/BR00149546_loaddata_with_illum.csv,3241,3456,216,24,True,ready,
BR00149547,A,row_A,/media/18tbdrive/1.Github_Repositories/pccma_repo1_screen_image_profiling/CHP-134_repo1_screen/2.feature_extraction/loaddata_csvs/BR00149547_loaddata_with_illum.csv,1,215,215,24,True,ready,
BR00149547,B,row_B,/media/18tbdrive/1.Github_Repositories/pccma_repo1_screen_image_profiling/CHP-134_repo1_screen/2.feature_extraction/loaddata_csvs/BR00149547_loaddata_with_illum.csv,216,431,216,24,True,ready,
BR00149547,C,row_C,/media/18tbdrive/1.Github_Repositories/pccma_repo1_screen_image_profiling/CHP-134_repo1_screen/2.feature_extraction/loaddata_csvs/BR00149547_loaddata_with_illum.csv,432,647,216,24,True,ready,
BR00149547,D,row_D,/media/18tbdrive/1.Github_Repositories/pccma_repo1_screen_image_profiling/CHP-134_repo1_screen/2.feature_extraction/loaddata_csvs/BR00149547_loaddata_with_illum.csv,648,863,216,24,True,ready,
BR00149547,E,row_E,/media/18tbdrive/1.Github_Repositories/pccma_repo1_screen_image_profiling/CHP-134_repo1_screen/2.feature_extraction/loaddata_csvs/BR00149547_loaddata_with_illum.csv,864,1079,216,24,True,ready,
BR00149547,F,row_F,/media/18tbdrive/1.Github_Repositories/pccma_repo1_screen_image_profiling/CHP-134_repo1_screen/2.feature_extraction/loaddata_csvs/BR00149547_loaddata_with_illum.csv,1080,1295,216,24,True,ready,
BR00149547,G,row_G,/media/18tbdrive/1.Github_Repositories/pccma_repo1_screen_image_profiling/CHP-134_repo1_screen/2.feature_extraction/loaddata_csvs/BR00149547_loaddata_with_illum.csv,1296,1511,216,24,True,ready,
BR00149547,H,row_H,/media/18tbdrive/1.Github_Repositories/pccma_repo1_screen_image_profiling/CHP-134_repo1_screen/2.feature_extraction/loaddata_csvs/BR00149547_loaddata_with_illum.csv,1512,1727,216,24,True,ready,
BR00149547,I,row_I,/media/18tbdrive/1.Github_Repositories/pccma_repo1_screen_image_profiling/CHP-134_repo1_screen/2.feature_extraction/loaddata_csvs/BR00149547_loaddata_with_illum.csv,1728,1943,216,24,True,ready,
BR00149547,J,row_J,/media/18tbdrive/1.Github_Repositories/pccma_repo1_screen_image_profiling/CHP-134_repo1_screen/2.feature_extraction/loaddata_csvs/BR00149547_loaddata_with_illum.csv,1944,2159,216,24,True,ready,
BR00149547,K,row_K,/media/18tbdrive/1.Github_Repositories/pccma_repo1_screen_image_profiling/CHP-134_repo1_screen/2.feature_extraction/loaddata_csvs/BR00149547_loaddata_with_illum.csv,2160,2375,216,24,True,ready,
BR00149547,L,row_L,/media/18tbdrive/1.Github_Repositories/pccma_repo1_screen_image_profiling/CHP-134_repo1_screen/2.feature_extraction/loaddata_csvs/BR00149547_loaddata_with_illum.csv,2376,2591,216,24,True,ready,
BR00149547,M,row_M,/media/18tbdrive/1.Github_Repositories/pccma_repo1_screen_image_profiling/CHP-134_repo1_screen/2.feature_extraction/loaddata_csvs/BR00149547_loaddata_with_illum.csv,2592,2807,216,24,True,ready,
BR00149547,N,row_N,/media/18tbdrive/1.Github_Repositories/pccma_repo1_screen_image_profiling/CHP-134_repo1_screen/2.feature_extraction/loaddata_csvs/BR00149547_loaddata_with_illum.csv,2808,3023,216,24,True,ready,
BR00149547,O,row_O,/media/18tbdrive/1.Github_Repositories/pccma_repo1_screen_image_profiling/CHP-134_repo1_screen/2.feature_extraction/loaddata_csvs/BR00149547_loaddata_with_illum.csv,3024,3239,216,24,True,ready,
BR00149547,P,row_P,/media/18tbdrive/1.Github_Repositories/pccma_repo1_screen_image_profiling/CHP-134_repo1_screen/2.feature_extraction/loaddata_csvs/BR00149547_loaddata_with_illum.csv,3240,3455,216,24,True,ready,
BR00149548,A,row_A,/media/18tbdrive/1.Github_Repositories/pccma_repo1_screen_image_profiling/CHP-134_repo1_screen/2.feature_extraction/loaddata_csvs/BR00149548_loaddata_with_illum.csv,1,216,216,24,True,ready,
BR00149548,B,row_B,/media/18tbdrive/1.Github_Repositories/pccma_repo1_screen_image_profiling/CHP-134_repo1_screen/2.feature_extraction/loaddata_csvs/BR00149548_loaddata_with_illum.csv,217,432,216,24,True,ready,
BR00149548,C,row_C,/media/18tbdrive/1.Github_Repositories/pccma_repo1_screen_image_profiling/CHP-134_repo1_screen/2.feature_extraction/loaddata_csvs/BR00149548_loaddata_with_illum.csv,433,648,216,24,True,ready,
BR00149548,D,row_D,/media/18tbdrive/1.Github_Repositories/pccma_repo1_screen_image_profiling/CHP-134_repo1_screen/2.feature_extraction/loaddata_csvs/BR00149548_loaddata_with_illum.csv,649,864,216,24,True,ready,
BR00149548,E,row_E,/media/18tbdrive/1.Github_Repositories/pccma_repo1_screen_image_profiling/CHP-134_repo1_screen/2.feature_extraction/loaddata_csvs/BR00149548_loaddata_with_illum.csv,865,1080,216,24,True,ready,
BR00149548,F,row_F,/media/18tbdrive/1.Github_Repositories/pccma_repo1_screen_image_profiling/CHP-134_repo1_screen/2.feature_extraction/loaddata_csvs/BR00149548_loaddata_with_illum.csv,1081,1296,216,24,True,ready,
BR00149548,G,row_G,/media/18tbdrive/1.Github_Repositories/pccma_repo1_screen_image_profiling/CHP-134_repo1_screen/2.feature_extraction/loaddata_csvs/BR00149548_loaddata_with_illum.csv,1297,1512,216,24,True,ready,
BR00149548,H,row_H,/media/18tbdrive/1.Github_Repositories/pccma_repo1_screen_image_profiling/CHP-134_repo1_screen/2.feature_extraction/loaddata_csvs/BR00149548_loaddata_with_illum.csv,1513,1728,216,24,True,ready,
BR00149548,I,row_I,/media/18tbdrive/1.Github_Repositories/pccma_repo1_screen_image_profiling/CHP-134_repo1_screen/2.feature_extraction/loaddata_csvs/BR00149548_loaddata_with_illum.csv,1729,1944,216,24,True,ready,
BR00149548,J,row_J,/media/18tbdrive/1.Github_Repositories/pccma_repo1_screen_image_profiling/CHP-134_repo1_screen/2.feature_extraction/loaddata_csvs/BR00149548_loaddata_with_illum.csv,1945,2160,216,24,True,ready,
BR00149548,K,row_K,/media/18tbdrive/1.Github_Repositories/pccma_repo1_screen_image_profiling/CHP-134_repo1_screen/2.feature_extraction/loaddata_csvs/BR00149548_loaddata_with_illum.csv,2161,2376,216,24,True,ready,
BR00149548,L,row_L,/media/18tbdrive/1.Github_Repositories/pccma_repo1_screen_image_profiling/CHP-134_repo1_screen/2.feature_extraction/loaddata_csvs/BR00149548_loaddata_with_illum.csv,2377,2592,216,24,True,ready,
BR00149548,M,row_M,/media/18tbdrive/1.Github_Repositories/pccma_repo1_screen_image_profiling/CHP-134_repo1_screen/2.feature_extraction/loaddata_csvs/BR00149548_loaddata_with_illum.csv,2593,2808,216,24,True,ready,
BR00149548,N,row_N,/media/18tbdrive/1.Github_Repositories/pccma_repo1_screen_image_profiling/CHP-134_repo1_screen/2.feature_extraction/loaddata_csvs/BR00149548_loaddata_with_illum.csv,2809,3024,216,24,True,ready,
BR00149548,O,row_O,/media/18tbdrive/1.Github_Repositories/pccma_repo1_screen_image_profiling/CHP-134_repo1_screen/2.feature_extraction/loaddata_csvs/BR00149548_loaddata_with_illum.csv,3025,3240,216,24,True,ready,
BR00149548,P,row_P,/media/18tbdrive/1.Github_Repositories/pccma_repo1_screen_image_profiling/CHP-134_repo1_screen/2.feature_extraction/loaddata_csvs/BR00149548_loaddata_with_illum.csv,3241,3456,216,24,True,ready,
BR00149549,A,row_A,/media/18tbdrive/1.Github_Repositories/pccma_repo1_screen_image_profiling/CHP-134_repo1_screen/2.feature_extraction/loaddata_csvs/BR00149549_loaddata_with_illum.csv,1,216,216,24,True,ready,
BR00149549,B,row_B,/media/18tbdrive/1.Github_Repositories/pccma_repo1_screen_image_profiling/CHP-134_repo1_screen/2.feature_extraction/loaddata_csvs/BR00149549_loaddata_with_illum.csv,217,432,216,24,True,ready,
BR00149549,C,row_C,/media/18tbdrive/1.Github_Repositories/pccma_repo1_screen_image_profiling/CHP-134_repo1_screen/2.feature_extraction/loaddata_csvs/BR00149549_loaddata_with_illum.csv,433,648,216,24,True,ready,
BR00149549,D,row_D,/media/18tbdrive/1.Github_Repositories/pccma_repo1_screen_image_profiling/CHP-134_repo1_screen/2.feature_extraction/loaddata_csvs/BR00149549_loaddata_with_illum.csv,649,864,216,24,True,ready,
BR00149549,E,row_E,/media/18tbdrive/1.Github_Repositories/pccma_repo1_screen_image_profiling/CHP-134_repo1_screen/2.feature_extraction/loaddata_csvs/BR00149549_loaddata_with_illum.csv,865,1080,216,24,True,ready,
BR00149549,F,row_F,/media/18tbdrive/1.Github_Repositories/pccma_repo1_screen_image_profiling/CHP-134_repo1_screen/2.feature_extraction/loaddata_csvs/BR00149549_loaddata_with_illum.csv,1081,1296,216,24,True,ready,
BR00149549,G,row_G,/media/18tbdrive/1.Github_Repositories/pccma_repo1_screen_image_profiling/CHP-134_repo1_screen/2.feature_extraction/loaddata_csvs/BR00149549_loaddata_with_illum.csv,1297,1512,216,24,True,ready,
BR00149549,H,row_H,/media/18tbdrive/1.Github_Repositories/pccma_repo1_screen_image_profiling/CHP-134_repo1_screen/2.feature_extraction/loaddata_csvs/BR00149549_loaddata_with_illum.csv,1513,1728,216,24,True,ready,
BR00149549,I,row_I,/media/18tbdrive/1.Github_Repositories/pccma_repo1_screen_image_profiling/CHP-134_repo1_screen/2.feature_extraction/loaddata_csvs/BR00149549_loaddata_with_illum.csv,1729,1944,216,24,True,ready,
BR00149549,J,row_J,/media/18tbdrive/1.Github_Repositories/pccma_repo1_screen_image_profiling/CHP-134_repo1_screen/2.feature_extraction/loaddata_csvs/BR00149549_loaddata_with_illum.csv,1945,2160,216,24,True,ready,
BR00149549,K,row_K,/media/18tbdrive/1.Github_Repositories/pccma_repo1_screen_image_profiling/CHP-134_repo1_screen/2.feature_extraction/loaddata_csvs/BR00149549_loaddata_with_illum.csv,2161,2376,216,24,True,ready,
BR00149549,L,row_L,/media/18tbdrive/1.Github_Repositories/pccma_repo1_screen_image_profiling/CHP-134_repo1_screen/2.feature_extraction/loaddata_csvs/BR00149549_loaddata_with_illum.csv,2377,2592,216,24,True,ready,
BR00149549,M,row_M,/media/18tbdrive/1.Github_Repositories/pccma_repo1_screen_image_profiling/CHP-134_repo1_screen/2.feature_extraction/loaddata_csvs/BR00149549_loaddata_with_illum.csv,2593,2808,216,24,True,ready,
BR00149549,N,row_N,/media/18tbdrive/1.Github_Repositories/pccma_repo1_screen_image_profiling/CHP-134_repo1_screen/2.feature_extraction/loaddata_csvs/BR00149549_loaddata_with_illum.csv,2809,3024,216,24,True,ready,
BR00149549,O,row_O,/media/18tbdrive/1.Github_Repositories/pccma_repo1_screen_image_profiling/CHP-134_repo1_screen/2.feature_extraction/loaddata_csvs/BR00149549_loaddata_with_illum.csv,3025,3240,216,24,True,ready,
BR00149549,P,row_P,/media/18tbdrive/1.Github_Repositories/pccma_repo1_screen_image_profiling/CHP-134_repo1_screen/2.feature_extraction/loaddata_csvs/BR00149549_loaddata_with_illum.csv,3241,3456,216,24,True,ready,
BR00149550,A,row_A,/media/18tbdrive/1.Github_Repositories/pccma_repo1_screen_image_profiling/CHP-134_repo1_screen/2.feature_extraction/loaddata_csvs/BR00149550_loaddata_with_illum.csv,1,207,207,23,True,ready,
BR00149550,B,row_B,/media/18tbdrive/1.Github_Repositories/pccma_repo1_screen_image_profiling/CHP-134_repo1_screen/2.feature_extraction/loaddata_csvs/BR00149550_loaddata_with_illum.csv,208,422,215,24,True,ready,
BR00149550,C,row_C,/media/18tbdrive/1.Github_Repositories/pccma_repo1_screen_image_profiling/CHP-134_repo1_screen/2.feature_extraction/loaddata_csvs/BR00149550_loaddata_with_illum.csv,423,638,216,24,True,ready,
BR00149550,D,row_D,/media/18tbdrive/1.Github_Repositories/pccma_repo1_screen_image_profiling/CHP-134_repo1_screen/2.feature_extraction/loaddata_csvs/BR00149550_loaddata_with_illum.csv,639,854,216,24,True,ready,
BR00149550,E,row_E,/media/18tbdrive/1.Github_Repositories/pccma_repo1_screen_image_profiling/CHP-134_repo1_screen/2.feature_extraction/loaddata_csvs/BR00149550_loaddata_with_illum.csv,855,1070,216,24,True,ready,
BR00149550,F,row_F,/media/18tbdrive/1.Github_Repositories/pccma_repo1_screen_image_profiling/CHP-134_repo1_screen/2.feature_extraction/loaddata_csvs/BR00149550_loaddata_with_illum.csv,1071,1286,216,24,True,ready,
BR00149550,G,row_G,/media/18tbdrive/1.Github_Repositories/pccma_repo1_screen_image_profiling/CHP-134_repo1_screen/2.feature_extraction/loaddata_csvs/BR00149550_loaddata_with_illum.csv,1287,1502,216,24,True,ready,
BR00149550,H,row_H,/media/18tbdrive/1.Github_Repositories/pccma_repo1_screen_image_profiling/CHP-134_repo1_screen/2.feature_extraction/loaddata_csvs/BR00149550_loaddata_with_illum.csv,1503,1718,216,24,True,ready,
BR00149550,I,row_I,/media/18tbdrive/1.Github_Repositories/pccma_repo1_screen_image_profiling/CHP-134_repo1_screen/2.feature_extraction/loaddata_csvs/BR00149550_loaddata_with_illum.csv,1719,1934,216,24,True,ready,
BR00149550,J,row_J,/media/18tbdrive/1.Github_Repositories/pccma_repo1_screen_image_profiling/CHP-134_repo1_screen/2.feature_extraction/loaddata_csvs/BR00149550_loaddata_with_illum.csv,1935,2150,216,24,True,ready,
BR00149550,K,row_K,/media/18tbdrive/1.Github_Repositories/pccma_repo1_screen_image_profiling/CHP-134_repo1_screen/2.feature_extraction/loaddata_csvs/BR00149550_loaddata_with_illum.csv,2151,2366,216,24,True,ready,
BR00149550,L,row_L,/media/18tbdrive/1.Github_Repositories/pccma_repo1_screen_image_profiling/CHP-134_repo1_screen/2.feature_extraction/loaddata_csvs/BR00149550_loaddata_with_illum.csv,2367,2582,216,24,True,ready,
BR00149550,M,row_M,/media/18tbdrive/1.Github_Repositories/pccma_repo1_screen_image_profiling/CHP-134_repo1_screen/2.feature_extraction/loaddata_csvs/BR00149550_loaddata_with_illum.csv,2583,2798,216,24,True,ready,
BR00149550,N,row_N,/media/18tbdrive/1.Github_Repositories/pccma_repo1_screen_image_profiling/CHP-134_repo1_screen/2.feature_extraction/loaddata_csvs/BR00149550_loaddata_with_illum.csv,2799,3014,216,24,True,ready,
BR00149550,O,row_O,/media/18tbdrive/1.Github_Repositories/pccma_repo1_screen_image_profiling/CHP-134_repo1_screen/2.feature_extraction/loaddata_csvs/BR00149550_loaddata_with_illum.csv,3015,3230,216,24,True,ready,
BR00149550,P,row_P,/media/18tbdrive/1.Github_Repositories/pccma_repo1_screen_image_profiling/CHP-134_repo1_screen/2.feature_extraction/loaddata_csvs/BR00149550_loaddata_with_illum.csv,3231,3446,216,24,True,ready,
BR00149551,A,row_A,/media/18tbdrive/1.Github_Repositories/pccma_repo1_screen_image_profiling/CHP-134_repo1_screen/2.feature_extraction/loaddata_csvs/BR00149551_loaddata_with_illum.csv,1,216,216,24,True,ready,
BR00149551,B,row_B,/media/18tbdrive/1.Github_Repositories/pccma_repo1_screen_image_profiling/CHP-134_repo1_screen/2.feature_extraction/loaddata_csvs/BR00149551_loaddata_with_illum.csv,217,432,216,24,True,ready,
BR00149551,C,row_C,/media/18tbdrive/1.Github_Repositories/pccma_repo1_screen_image_profiling/CHP-134_repo1_screen/2.feature_extraction/loaddata_csvs/BR00149551_loaddata_with_illum.csv,433,648,216,24,True,ready,
BR00149551,D,row_D,/media/18tbdrive/1.Github_Repositories/pccma_repo1_screen_image_profiling/CHP-134_repo1_screen/2.feature_extraction/loaddata_csvs/BR00149551_loaddata_with_illum.csv,649,864,216,24,True,ready,
BR00149551,E,row_E,/media/18tbdrive/1.Github_Repositories/pccma_repo1_screen_image_profiling/CHP-134_repo1_screen/2.feature_extraction/loaddata_csvs/BR00149551_loaddata_with_illum.csv,865,1080,216,24,True,ready,
BR00149551,F,row_F,/media/18tbdrive/1.Github_Repositories/pccma_repo1_screen_image_profiling/CHP-134_repo1_screen/2.feature_extraction/loaddata_csvs/BR00149551_loaddata_with_illum.csv,1081,1296,216,24,True,ready,
BR00149551,G,row_G,/media/18tbdrive/1.Github_Repositories/pccma_repo1_screen_image_profiling/CHP-134_repo1_screen/2.feature_extraction/loaddata_csvs/BR00149551_loaddata_with_illum.csv,1297,1512,216,24,True,ready,
BR00149551,H,row_H,/media/18tbdrive/1.Github_Repositories/pccma_repo1_screen_image_profiling/CHP-134_repo1_screen/2.feature_extraction/loaddata_csvs/BR00149551_loaddata_with_illum.csv,1513,1728,216,24,True,ready,
BR00149551,I,row_I,/media/18tbdrive/1.Github_Repositories/pccma_repo1_screen_image_profiling/CHP-134_repo1_screen/2.feature_extraction/loaddata_csvs/BR00149551_loaddata_with_illum.csv,1729,1944,216,24,True,ready,
BR00149551,J,row_J,/media/18tbdrive/1.Github_Repositories/pccma_repo1_screen_image_profiling/CHP-134_repo1_screen/2.feature_extraction/loaddata_csvs/BR00149551_loaddata_with_illum.csv,1945,2160,216,24,True,ready,
BR00149551,K,row_K,/media/18tbdrive/1.Github_Repositories/pccma_repo1_screen_image_profiling/CHP-134_repo1_screen/2.feature_extraction/loaddata_csvs/BR00149551_loaddata_with_illum.csv,2161,2376,216,24,True,ready,
BR00149551,L,row_L,/media/18tbdrive/1.Github_Repositories/pccma_repo1_screen_image_profiling/CHP-134_repo1_screen/2.feature_extraction/loaddata_csvs/BR00149551_loaddata_with_illum.csv,2377,2592,216,24,True,ready,
BR00149551,M,row_M,/media/18tbdrive/1.Github_Repositories/pccma_repo1_screen_image_profiling/CHP-134_repo1_screen/2.feature_extraction/loaddata_csvs/BR00149551_loaddata_with_illum.csv,2593,2808,216,24,True,ready,
BR00149551,N,row_N,/media/18tbdrive/1.Github_Repositories/pccma_repo1_screen_image_profiling/CHP-134_repo1_screen/2.feature_extraction/loaddata_csvs/BR00149551_loaddata_with_illum.csv,2809,3024,216,24,True,ready,
BR00149551,O,row_O,/media/18tbdrive/1.Github_Repositories/pccma_repo1_screen_image_profiling/CHP-134_repo1_screen/2.feature_extraction/loaddata_csvs/BR00149551_loaddata_with_illum.csv,3025,3240,216,24,True,ready,
BR00149551,P,row_P,/media/18tbdrive/1.Github_Repositories/pccma_repo1_screen_image_profiling/CHP-134_repo1_screen/2.feature_extraction/loaddata_csvs/BR00149551_loaddata_with_illum.csv,3241,3456,216,24,True,ready,
BR00149555,A,row_A,/media/18tbdrive/1.Github_Repositories/pccma_repo1_screen_image_profiling/CHP-134_repo1_screen/2.feature_extraction/loaddata_csvs/BR00149555_loaddata_with_illum.csv,1,216,216,24,True,ready,
BR00149555,B,row_B,/media/18tbdrive/1.Github_Repositories/pccma_repo1_screen_image_profiling/CHP-134_repo1_screen/2.feature_extraction/loaddata_csvs/BR00149555_loaddata_with_illum.csv,217,432,216,24,True,ready,
BR00149555,C,row_C,/media/18tbdrive/1.Github_Repositories/pccma_repo1_screen_image_profiling/CHP-134_repo1_screen/2.feature_extraction/loaddata_csvs/BR00149555_loaddata_with_illum.csv,433,648,216,24,True,ready,
BR00149555,D,row_D,/media/18tbdrive/1.Github_Repositories/pccma_repo1_screen_image_profiling/CHP-134_repo1_screen/2.feature_extraction/loaddata_csvs/BR00149555_loaddata_with_illum.csv,649,864,216,24,True,ready,
BR00149555,E,row_E,/media/18tbdrive/1.Github_Repositories/pccma_repo1_screen_image_profiling/CHP-134_repo1_screen/2.feature_extraction/loaddata_csvs/BR00149555_loaddata_with_illum.csv,865,1080,216,24,True,ready,
BR00149555,F,row_F,/media/18tbdrive/1.Github_Repositories/pccma_repo1_screen_image_profiling/CHP-134_repo1_screen/2.feature_extraction/loaddata_csvs/BR00149555_loaddata_with_illum.csv,1081,1296,216,24,True,ready,
BR00149555,G,row_G,/media/18tbdrive/1.Github_Repositories/pccma_repo1_screen_image_profiling/CHP-134_repo1_screen/2.feature_extraction/loaddata_csvs/BR00149555_loaddata_with_illum.csv,1297,1512,216,24,True,ready,
BR00149555,H,row_H,/media/18tbdrive/1.Github_Repositories/pccma_repo1_screen_image_profiling/CHP-134_repo1_screen/2.feature_extraction/loaddata_csvs/BR00149555_loaddata_with_illum.csv,1513,1728,216,24,True,ready,
BR00149555,I,row_I,/media/18tbdrive/1.Github_Repositories/pccma_repo1_screen_image_profiling/CHP-134_repo1_screen/2.feature_extraction/loaddata_csvs/BR00149555_loaddata_with_illum.csv,1729,1944,216,24,True,ready,
BR00149555,J,row_J,/media/18tbdrive/1.Github_Repositories/pccma_repo1_screen_image_profiling/CHP-134_repo1_screen/2.feature_extraction/loaddata_csvs/BR00149555_loaddata_with_illum.csv,1945,2160,216,24,True,ready,
BR00149555,K,row_K,/media/18tbdrive/1.Github_Repositories/pccma_repo1_screen_image_profiling/CHP-134_repo1_screen/2.feature_extraction/loaddata_csvs/BR00149555_loaddata_with_illum.csv,2161,2376,216,24,True,ready,
BR00149555,L,row_L,/media/18tbdrive/1.Github_Repositories/pccma_repo1_screen_image_profiling/CHP-134_repo1_screen/2.feature_extraction/loaddata_csvs/BR00149555_loaddata_with_illum.csv,2377,2592,216,24,True,ready,
BR00149555,M,row_M,/media/18tbdrive/1.Github_Repositories/pccma_repo1_screen_image_profiling/CHP-134_repo1_screen/2.feature_extraction/loaddata_csvs/BR00149555_loaddata_with_illum.csv,2593,2808,216,24,True,ready,
BR00149555,N,row_N,/media/18tbdrive/1.Github_Repositories/pccma_repo1_screen_image_profiling/CHP-134_repo1_screen/2.feature_extraction/loaddata_csvs/BR00149555_loaddata_with_illum.csv,2809,3024,216,24,True,ready,
BR00149555,O,row_O,/media/18tbdrive/1.Github_Repositories/pccma_repo1_screen_image_profiling/CHP-134_repo1_screen/2.feature_extraction/loaddata_csvs/BR00149555_loaddata_with_illum.csv,3025,3240,216,24,True,ready,
BR00149555,P,row_P,/media/18tbdrive/1.Github_Repositories/pccma_repo1_screen_image_profiling/CHP-134_repo1_screen/2.feature_extraction/loaddata_csvs/BR00149555_loaddata_with_illum.csv,3241,3456,216,24,True,ready,
BR00149556,A,row_A,/media/18tbdrive/1.Github_Repositories/pccma_repo1_screen_image_profiling/CHP-134_repo1_screen/2.feature_extraction/loaddata_csvs/BR00149556_loaddata_with_illum.csv,1,216,216,24,True,ready,
BR00149556,B,row_B,/media/18tbdrive/1.Github_Repositories/pccma_repo1_screen_image_profiling/CHP-134_repo1_screen/2.feature_extraction/loaddata_csvs/BR00149556_loaddata_with_illum.csv,217,432,216,24,True,ready,
BR00149556,C,row_C,/media/18tbdrive/1.Github_Repositories/pccma_repo1_screen_image_profiling/CHP-134_repo1_screen/2.feature_extraction/loaddata_csvs/BR00149556_loaddata_with_illum.csv,433,648,216,24,True,ready,
BR00149556,D,row_D,/media/18tbdrive/1.Github_Repositories/pccma_repo1_screen_image_profiling/CHP-134_repo1_screen/2.feature_extraction/loaddata_csvs/BR00149556_loaddata_with_illum.csv,649,864,216,24,True,ready,
BR00149556,E,row_E,/media/18tbdrive/1.Github_Repositories/pccma_repo1_screen_image_profiling/CHP-134_repo1_screen/2.feature_extraction/loaddata_csvs/BR00149556_loaddata_with_illum.csv,865,1080,216,24,True,ready,
BR00149556,F,row_F,/media/18tbdrive/1.Github_Repositories/pccma_repo1_screen_image_profiling/CHP-134_repo1_screen/2.feature_extraction/loaddata_csvs/BR00149556_loaddata_with_illum.csv,1081,1296,216,24,True,ready,
BR00149556,G,row_G,/media/18tbdrive/1.Github_Repositories/pccma_repo1_screen_image_profiling/CHP-134_repo1_screen/2.feature_extraction/loaddata_csvs/BR00149556_loaddata_with_illum.csv,1297,1512,216,24,True,ready,
BR00149556,H,row_H,/media/18tbdrive/1.Github_Repositories/pccma_repo1_screen_image_profiling/CHP-134_repo1_screen/2.feature_extraction/loaddata_csvs/BR00149556_loaddata_with_illum.csv,1513,1728,216,24,True,ready,
BR00149556,I,row_I,/media/18tbdrive/1.Github_Repositories/pccma_repo1_screen_image_profiling/CHP-134_repo1_screen/2.feature_extraction/loaddata_csvs/BR00149556_loaddata_with_illum.csv,1729,1944,216,24,True,ready,
BR00149556,J,row_J,/media/18tbdrive/1.Github_Repositories/pccma_repo1_screen_image_profiling/CHP-134_repo1_screen/2.feature_extraction/loaddata_csvs/BR00149556_loaddata_with_illum.csv,1945,2160,216,24,True,ready,
BR00149556,K,row_K,/media/18tbdrive/1.Github_Repositories/pccma_repo1_screen_image_profiling/CHP-134_repo1_screen/2.feature_extraction/loaddata_csvs/BR00149556_loaddata_with_illum.csv,2161,2376,216,24,True,ready,
BR00149556,L,row_L,/media/18tbdrive/1.Github_Repositories/pccma_repo1_screen_image_profiling/CHP-134_repo1_screen/2.feature_extraction/loaddata_csvs/BR00149556_loaddata_with_illum.csv,2377,2592,216,24,True,ready,
BR00149556,M,row_M,/media/18tbdrive/1.Github_Repositories/pccma_repo1_screen_image_profiling/CHP-134_repo1_screen/2.feature_extraction/loaddata_csvs/BR00149556_loaddata_with_illum.csv,2593,2808,216,24,True,ready,
BR00149556,N,row_N,/media/18tbdrive/1.Github_Repositories/pccma_repo1_screen_image_profiling/CHP-134_repo1_screen/2.feature_extraction/loaddata_csvs/BR00149556_loaddata_with_illum.csv,2809,3024,216,24,True,ready,
BR00149556,O,row_O,/media/18tbdrive/1.Github_Repositories/pccma_repo1_screen_image_profiling/CHP-134_repo1_screen/2.feature_extraction/loaddata_csvs/BR00149556_loaddata_with_illum.csv,3025,3240,216,24,True,ready,
BR00149556,P,row_P,/media/18tbdrive/1.Github_Repositories/pccma_repo1_screen_image_profiling/CHP-134_repo1_screen/2.feature_extraction/loaddata_csvs/BR00149556_loaddata_with_illum.csv,3241,3456,216,24,True,ready,
BR00149557,A,row_A,/media/18tbdrive/1.Github_Repositories/pccma_repo1_screen_image_profiling/CHP-134_repo1_screen/2.feature_extraction/loaddata_csvs/BR00149557_loaddata_with_illum.csv,1,216,216,24,True,ready,
BR00149557,B,row_B,/media/18tbdrive/1.Github_Repositories/pccma_repo1_screen_image_profiling/CHP-134_repo1_screen/2.feature_extraction/loaddata_csvs/BR00149557_loaddata_with_illum.csv,217,432,216,24,True,ready,
BR00149557,C,row_C,/media/18tbdrive/1.Github_Repositories/pccma_repo1_screen_image_profiling/CHP-134_repo1_screen/2.feature_extraction/loaddata_csvs/BR00149557_loaddata_with_illum.csv,433,648,216,24,True,ready,
BR00149557,D,row_D,/media/18tbdrive/1.Github_Repositories/pccma_repo1_screen_image_profiling/CHP-134_repo1_screen/2.feature_extraction/loaddata_csvs/BR00149557_loaddata_with_illum.csv,649,864,216,24,True,ready,
BR00149557,E,row_E,/media/18tbdrive/1.Github_Repositories/pccma_repo1_screen_image_profiling/CHP-134_repo1_screen/2.feature_extraction/loaddata_csvs/BR00149557_loaddata_with_illum.csv,865,1080,216,24,True,ready,
BR00149557,F,row_F,/media/18tbdrive/1.Github_Repositories/pccma_repo1_screen_image_profiling/CHP-134_repo1_screen/2.feature_extraction/loaddata_csvs/BR00149557_loaddata_with_illum.csv,1081,1296,216,24,True,ready,
BR00149557,G,row_G,/media/18tbdrive/1.Github_Repositories/pccma_repo1_screen_image_profiling/CHP-134_repo1_screen/2.feature_extraction/loaddata_csvs/BR00149557_loaddata_with_illum.csv,1297,1512,216,24,True,ready,
BR00149557,H,row_H,/media/18tbdrive/1.Github_Repositories/pccma_repo1_screen_image_profiling/CHP-134_repo1_screen/2.feature_extraction/loaddata_csvs/BR00149557_loaddata_with_illum.csv,1513,1728,216,24,True,ready,
BR00149557,I,row_I,/media/18tbdrive/1.Github_Repositories/pccma_repo1_screen_image_profiling/CHP-134_repo1_screen/2.feature_extraction/loaddata_csvs/BR00149557_loaddata_with_illum.csv,1729,1944,216,24,True,ready,
BR00149557,J,row_J,/media/18tbdrive/1.Github_Repositories/pccma_repo1_screen_image_profiling/CHP-134_repo1_screen/2.feature_extraction/loaddata_csvs/BR00149557_loaddata_with_illum.csv,1945,2160,216,24,True,ready,
BR00149557,K,row_K,/media/18tbdrive/1.Github_Repositories/pccma_repo1_screen_image_profiling/CHP-134_repo1_screen/2.feature_extraction/loaddata_csvs/BR00149557_loaddata_with_illum.csv,2161,2376,216,24,True,ready,
BR00149557,L,row_L,/media/18tbdrive/1.Github_Repositories/pccma_repo1_screen_image_profiling/CHP-134_repo1_screen/2.feature_extraction/loaddata_csvs/BR00149557_loaddata_with_illum.csv,2377,2592,216,24,True,ready,
BR00149557,M,row_M,/media/18tbdrive/1.Github_Repositories/pccma_repo1_screen_image_profiling/CHP-134_repo1_screen/2.feature_extraction/loaddata_csvs/BR00149557_loaddata_with_illum.csv,2593,2808,216,24,True,ready,
BR00149557,N,row_N,/media/18tbdrive/1.Github_Repositories/pccma_repo1_screen_image_profiling/CHP-134_repo1_screen/2.feature_extraction/loaddata_csvs/BR00149557_loaddata_with_illum.csv,2809,3024,216,24,True,ready,
BR00149557,O,row_O,/media/18tbdrive/1.Github_Repositories/pccma_repo1_screen_image_profiling/CHP-134_repo1_screen/2.feature_extraction/loaddata_csvs/BR00149557_loaddata_with_illum.csv,3025,3240,216,24,True,ready,
BR00149557,P,row_P,/media/18tbdrive/1.Github_Repositories/pccma_repo1_screen_image_profiling/CHP-134_repo1_screen/2.feature_extraction/loaddata_csvs/BR00149557_loaddata_with_illum.csv,3241,3456,216,24,True,ready,
BR00149558,A,row_A,/media/18tbdrive/1.Github_Repositories/pccma_repo1_screen_image_profiling/CHP-134_repo1_screen/2.feature_extraction/loaddata_csvs/BR00149558_loaddata_with_illum.csv,1,216,216,24,True,ready,
BR00149558,B,row_B,/media/18tbdrive/1.Github_Repositories/pccma_repo1_screen_image_profiling/CHP-134_repo1_screen/2.feature_extraction/loaddata_csvs/BR00149558_loaddata_with_illum.csv,217,432,216,24,True,ready,
BR00149558,C,row_C,/media/18tbdrive/1.Github_Repositories/pccma_repo1_screen_image_profiling/CHP-134_repo1_screen/2.feature_extraction/loaddata_csvs/BR00149558_loaddata_with_illum.csv,433,648,216,24,True,ready,
BR00149558,D,row_D,/media/18tbdrive/1.Github_Repositories/pccma_repo1_screen_image_profiling/CHP-134_repo1_screen/2.feature_extraction/loaddata_csvs/BR00149558_loaddata_with_illum.csv,649,864,216,24,True,ready,
BR00149558,E,row_E,/media/18tbdrive/1.Github_Repositories/pccma_repo1_screen_image_profiling/CHP-134_repo1_screen/2.feature_extraction/loaddata_csvs/BR00149558_loaddata_with_illum.csv,865,1080,216,24,True,ready,
BR00149558,F,row_F,/media/18tbdrive/1.Github_Repositories/pccma_repo1_screen_image_profiling/CHP-134_repo1_screen/2.feature_extraction/loaddata_csvs/BR00149558_loaddata_with_illum.csv,1081,1296,216,24,True,ready,
BR00149558,G,row_G,/media/18tbdrive/1.Github_Repositories/pccma_repo1_screen_image_profiling/CHP-134_repo1_screen/2.feature_extraction/loaddata_csvs/BR00149558_loaddata_with_illum.csv,1297,1512,216,24,True,ready,
BR00149558,H,row_H,/media/18tbdrive/1.Github_Repositories/pccma_repo1_screen_image_profiling/CHP-134_repo1_screen/2.feature_extraction/loaddata_csvs/BR00149558_loaddata_with_illum.csv,1513,1728,216,24,True,ready,
BR00149558,I,row_I,/media/18tbdrive/1.Github_Repositories/pccma_repo1_screen_image_profiling/CHP-134_repo1_screen/2.feature_extraction/loaddata_csvs/BR00149558_loaddata_with_illum.csv,1729,1944,216,24,True,ready,
BR00149558,J,row_J,/media/18tbdrive/1.Github_Repositories/pccma_repo1_screen_image_profiling/CHP-134_repo1_screen/2.feature_extraction/loaddata_csvs/BR00149558_loaddata_with_illum.csv,1945,2160,216,24,True,ready,
BR00149558,K,row_K,/media/18tbdrive/1.Github_Repositories/pccma_repo1_screen_image_profiling/CHP-134_repo1_screen/2.feature_extraction/loaddata_csvs/BR00149558_loaddata_with_illum.csv,2161,2376,216,24,True,ready,
BR00149558,L,row_L,/media/18tbdrive/1.Github_Repositories/pccma_repo1_screen_image_profiling/CHP-134_repo1_screen/2.feature_extraction/loaddata_csvs/BR00149558_loaddata_with_illum.csv,2377,2592,216,24,True,ready,
BR00149558,M,row_M,/media/18tbdrive/1.Github_Repositories/pccma_repo1_screen_image_profiling/CHP-134_repo1_screen/2.feature_extraction/loaddata_csvs/BR00149558_loaddata_with_illum.csv,2593,2808,216,24,True,ready,
BR00149558,N,row_N,/media/18tbdrive/1.Github_Repositories/pccma_repo1_screen_image_profiling/CHP-134_repo1_screen/2.feature_extraction/loaddata_csvs/BR00149558_loaddata_with_illum.csv,2809,3024,216,24,True,ready,
BR00149558,O,row_O,/media/18tbdrive/1.Github_Repositories/pccma_repo1_screen_image_profiling/CHP-134_repo1_screen/2.feature_extraction/loaddata_csvs/BR00149558_loaddata_with_illum.csv,3025,3240,216,24,True,ready,
BR00149558,P,row_P,/media/18tbdrive/1.Github_Repositories/pccma_repo1_screen_image_profiling/CHP-134_repo1_screen/2.feature_extraction/loaddata_csvs/BR00149558_loaddata_with_illum.csv,3241,3456,216,24,True,ready,
BR00149559,A,row_A,/media/18tbdrive/1.Github_Repositories/pccma_repo1_screen_image_profiling/CHP-134_repo1_screen/2.feature_extraction/loaddata_csvs/BR00149559_loaddata_with_illum.csv,1,216,216,24,True,ready,
BR00149559,B,row_B,/media/18tbdrive/1.Github_Repositories/pccma_repo1_screen_image_profiling/CHP-134_repo1_screen/2.feature_extraction/loaddata_csvs/BR00149559_loaddata_with_illum.csv,217,432,216,24,True,ready,
BR00149559,C,row_C,/media/18tbdrive/1.Github_Repositories/pccma_repo1_screen_image_profiling/CHP-134_repo1_screen/2.feature_extraction/loaddata_csvs/BR00149559_loaddata_with_illum.csv,433,648,216,24,True,ready,
BR00149559,D,row_D,/media/18tbdrive/1.Github_Repositories/pccma_repo1_screen_image_profiling/CHP-134_repo1_screen/2.feature_extraction/loaddata_csvs/BR00149559_loaddata_with_illum.csv,649,864,216,24,True,ready,
BR00149559,E,row_E,/media/18tbdrive/1.Github_Repositories/pccma_repo1_screen_image_profiling/CHP-134_repo1_screen/2.feature_extraction/loaddata_csvs/BR00149559_loaddata_with_illum.csv,865,1080,216,24,True,ready,
BR00149559,F,row_F,/media/18tbdrive/1.Github_Repositories/pccma_repo1_screen_image_profiling/CHP-134_repo1_screen/2.feature_extraction/loaddata_csvs/BR00149559_loaddata_with_illum.csv,1081,1296,216,24,True,ready,
BR00149559,G,row_G,/media/18tbdrive/1.Github_Repositories/pccma_repo1_screen_image_profiling/CHP-134_repo1_screen/2.feature_extraction/loaddata_csvs/BR00149559_loaddata_with_illum.csv,1297,1512,216,24,True,ready,
BR00149559,H,row_H,/media/18tbdrive/1.Github_Repositories/pccma_repo1_screen_image_profiling/CHP-134_repo1_screen/2.feature_extraction/loaddata_csvs/BR00149559_loaddata_with_illum.csv,1513,1728,216,24,True,ready,
BR00149559,I,row_I,/media/18tbdrive/1.Github_Repositories/pccma_repo1_screen_image_profiling/CHP-134_repo1_screen/2.feature_extraction/loaddata_csvs/BR00149559_loaddata_with_illum.csv,1729,1944,216,24,True,ready,
BR00149559,J,row_J,/media/18tbdrive/1.Github_Repositories/pccma_repo1_screen_image_profiling/CHP-134_repo1_screen/2.feature_extraction/loaddata_csvs/BR00149559_loaddata_with_illum.csv,1945,2160,216,24,True,ready,
BR00149559,K,row_K,/media/18tbdrive/1.Github_Repositories/pccma_repo1_screen_image_profiling/CHP-134_repo1_screen/2.feature_extraction/loaddata_csvs/BR00149559_loaddata_with_illum.csv,2161,2376,216,24,True,ready,
BR00149559,L,row_L,/media/18tbdrive/1.Github_Repositories/pccma_repo1_screen_image_profiling/CHP-134_repo1_screen/2.feature_extraction/loaddata_csvs/BR00149559_loaddata_with_illum.csv,2377,2592,216,24,True,ready,
BR00149559,M,row_M,/media/18tbdrive/1.Github_Repositories/pccma_repo1_screen_image_profiling/CHP-134_repo1_screen/2.feature_extraction/loaddata_csvs/BR00149559_loaddata_with_illum.csv,2593,2808,216,24,True,ready,
BR00149559,N,row_N,/media/18tbdrive/1.Github_Repositories/pccma_repo1_screen_image_profiling/CHP-134_repo1_screen/2.feature_extraction/loaddata_csvs/BR00149559_loaddata_with_illum.csv,2809,3024,216,24,True,ready,
BR00149559,O,row_O,/media/18tbdrive/1.Github_Repositories/pccma_repo1_screen_image_profiling/CHP-134_repo1_screen/2.feature_extraction/loaddata_csvs/BR00149559_loaddata_with_illum.csv,3025,3240,216,24,True,ready,
BR00149559,P,row_P,/media/18tbdrive/1.Github_Repositories/pccma_repo1_screen_image_profiling/CHP-134_repo1_screen/2.feature_extraction/loaddata_csvs/BR00149559_loaddata_with_illum.csv,3241,3456,216,24,True,ready,
BR00149561,A,row_A,/media/18tbdrive/1.Github_Repositories/pccma_repo1_screen_image_profiling/CHP-134_repo1_screen/2.feature_extraction/loaddata_csvs/BR00149561_loaddata_with_illum.csv,1,216,216,24,True,ready,
BR00149561,B,row_B,/media/18tbdrive/1.Github_Repositories/pccma_repo1_screen_image_profiling/CHP-134_repo1_screen/2.feature_extraction/loaddata_csvs/BR00149561_loaddata_with_illum.csv,217,432,216,24,True,ready,
BR00149561,C,row_C,/media/18tbdrive/1.Github_Repositories/pccma_repo1_screen_image_profiling/CHP-134_repo1_screen/2.feature_extraction/loaddata_csvs/BR00149561_loaddata_with_illum.csv,433,648,216,24,True,ready,
BR00149561,D,row_D,/media/18tbdrive/1.Github_Repositories/pccma_repo1_screen_image_profiling/CHP-134_repo1_screen/2.feature_extraction/loaddata_csvs/BR00149561_loaddata_with_illum.csv,649,864,216,24,True,ready,
BR00149561,E,row_E,/media/18tbdrive/1.Github_Repositories/pccma_repo1_screen_image_profiling/CHP-134_repo1_screen/2.feature_extraction/loaddata_csvs/BR00149561_loaddata_with_illum.csv,865,1080,216,24,True,ready,
BR00149561,F,row_F,/media/18tbdrive/1.Github_Repositories/pccma_repo1_screen_image_profiling/CHP-134_repo1_screen/2.feature_extraction/loaddata_csvs/BR00149561_loaddata_with_illum.csv,1081,1296,216,24,True,ready,
BR00149561,G,row_G,/media/18tbdrive/1.Github_Repositories/pccma_repo1_screen_image_profiling/CHP-134_repo1_screen/2.feature_extraction/loaddata_csvs/BR00149561_loaddata_with_illum.csv,1297,1512,216,24,True,ready,
BR00149561,H,row_H,/media/18tbdrive/1.Github_Repositories/pccma_repo1_screen_image_profiling/CHP-134_repo1_screen/2.feature_extraction/loaddata_csvs/BR00149561_loaddata_with_illum.csv,1513,1728,216,24,True,ready,
BR00149561,I,row_I,/media/18tbdrive/1.Github_Repositories/pccma_repo1_screen_image_profiling/CHP-134_repo1_screen/2.feature_extraction/loaddata_csvs/BR00149561_loaddata_with_illum.csv,1729,1944,216,24,True,ready,
BR00149561,J,row_J,/media/18tbdrive/1.Github_Repositories/pccma_repo1_screen_image_profiling/CHP-134_repo1_screen/2.feature_extraction/loaddata_csvs/BR00149561_loaddata_with_illum.csv,1945,2160,216,24,True,ready,
BR00149561,K,row_K,/media/18tbdrive/1.Github_Repositories/pccma_repo1_screen_image_profiling/CHP-134_repo1_screen/2.feature_extraction/loaddata_csvs/BR00149561_loaddata_with_illum.csv,2161,2376,216,24,True,ready,
BR00149561,L,row_L,/media/18tbdrive/1.Github_Repositories/pccma_repo1_screen_image_profiling/CHP-134_repo1_screen/2.feature_extraction/loaddata_csvs/BR00149561_loaddata_with_illum.csv,2377,2592,216,24,True,ready,
BR00149561,M,row_M,/media/18tbdrive/1.Github_Repositories/pccma_repo1_screen_image_profiling/CHP-134_repo1_screen/2.feature_extraction/loaddata_csvs/BR00149561_loaddata_with_illum.csv,2593,2808,216,24,True,ready,
BR00149561,N,row_N,/media/18tbdrive/1.Github_Repositories/pccma_repo1_screen_image_profiling/CHP-134_repo1_screen/2.feature_extraction/loaddata_csvs/BR00149561_loaddata_with_illum.csv,2809,3024,216,24,True,ready,
BR00149561,O,row_O,/media/18tbdrive/1.Github_Repositories/pccma_repo1_screen_image_profiling/CHP-134_repo1_screen/2.feature_extraction/loaddata_csvs/BR00149561_loaddata_with_illum.csv,3025,3240,216,24,True,ready,
BR00149561,P,row_P,/media/18tbdrive/1.Github_Repositories/pccma_repo1_screen_image_profiling/CHP-134_repo1_screen/2.feature_extraction/loaddata_csvs/BR00149561_loaddata_with_illum.csv,3241,3456,216,24,True,ready,
Assay_Plate_1_3,A,row_A,/media/18tbdrive/1.Github_Repositories/pccma_repo1_screen_image_profiling/CHP-134_repo1_screen/2.feature_extraction/loaddata_csvs/Assay_Plate_1_3_loaddata_with_illum.csv,1,216,216,24,True,ready,
Assay_Plate_1_3,B,row_B,/media/18tbdrive/1.Github_Repositories/pccma_repo1_screen_image_profiling/CHP-134_repo1_screen/2.feature_extraction/loaddata_csvs/Assay_Plate_1_3_loaddata_with_illum.csv,217,432,216,24,True,ready,
Assay_Plate_1_3,C,row_C,/media/18tbdrive/1.Github_Repositories/pccma_repo1_screen_image_profiling/CHP-134_repo1_screen/2.feature_extraction/loaddata_csvs/Assay_Plate_1_3_loaddata_with_illum.csv,433,648,216,24,True,ready,
Assay_Plate_1_3,D,row_D,/media/18tbdrive/1.Github_Repositories/pccma_repo1_screen_image_profiling/CHP-134_repo1_screen/2.feature_extraction/loaddata_csvs/Assay_Plate_1_3_loaddata_with_illum.csv,649,864,216,24,True,ready,
Assay_Plate_1_3,E,row_E,/media/18tbdrive/1.Github_Repositories/pccma_repo1_screen_image_profiling/CHP-134_repo1_screen/2.feature_extraction/loaddata_csvs/Assay_Plate_1_3_loaddata_with_illum.csv,865,1080,216,24,True,ready,
Assay_Plate_1_3,F,row_F,/media/18tbdrive/1.Github_Repositories/pccma_repo1_screen_image_profiling/CHP-134_repo1_screen/2.feature_extraction/loaddata_csvs/Assay_Plate_1_3_loaddata_with_illum.csv,1081,1296,216,24,True,ready,
Assay_Plate_1_3,G,row_G,/media/18tbdrive/1.Github_Repositories/pccma_repo1_screen_image_profiling/CHP-134_repo1_screen/2.feature_extraction/loaddata_csvs/Assay_Plate_1_3_loaddata_with_illum.csv,1297,1512,216,24,True,ready,
Assay_Plate_1_3,H,row_H,/media/18tbdrive/1.Github_Repositories/pccma_repo1_screen_image_profiling/CHP-134_repo1_screen/2.feature_extraction/loaddata_csvs/Assay_Plate_1_3_loaddata_with_illum.csv,1513,1728,216,24,True,ready,
Assay_Plate_1_3,I,row_I,/media/18tbdrive/1.Github_Repositories/pccma_repo1_screen_image_profiling/CHP-134_repo1_screen/2.feature_extraction/loaddata_csvs/Assay_Plate_1_3_loaddata_with_illum.csv,1729,1944,216,24,True,ready,
Assay_Plate_1_3,J,row_J,/media/18tbdrive/1.Github_Repositories/pccma_repo1_screen_image_profiling/CHP-134_repo1_screen/2.feature_extraction/loaddata_csvs/Assay_Plate_1_3_loaddata_with_illum.csv,1945,2160,216,24,True,ready,
Assay_Plate_1_3,K,row_K,/media/18tbdrive/1.Github_Repositories/pccma_repo1_screen_image_profiling/CHP-134_repo1_screen/2.feature_extraction/loaddata_csvs/Assay_Plate_1_3_loaddata_with_illum.csv,2161,2376,216,24,True,ready,
Assay_Plate_1_3,L,row_L,/media/18tbdrive/1.Github_Repositories/pccma_repo1_screen_image_profiling/CHP-134_repo1_screen/2.feature_extraction/loaddata_csvs/Assay_Plate_1_3_loaddata_with_illum.csv,2377,2592,216,24,True,ready,
Assay_Plate_1_3,M,row_M,/media/18tbdrive/1.Github_Repositories/pccma_repo1_screen_image_profiling/CHP-134_repo1_screen/2.feature_extraction/loaddata_csvs/Assay_Plate_1_3_loaddata_with_illum.csv,2593,2808,216,24,True,ready,
Assay_Plate_1_3,N,row_N,/media/18tbdrive/1.Github_Repositories/pccma_repo1_screen_image_profiling/CHP-134_repo1_screen/2.feature_extraction/loaddata_csvs/Assay_Plate_1_3_loaddata_with_illum.csv,2809,3024,216,24,True,ready,
Assay_Plate_1_3,O,row_O,/media/18tbdrive/1.Github_Repositories/pccma_repo1_screen_image_profiling/CHP-134_repo1_screen/2.feature_extraction/loaddata_csvs/Assay_Plate_1_3_loaddata_with_illum.csv,3025,3240,216,24,True,ready,
Assay_Plate_1_3,P,row_P,/media/18tbdrive/1.Github_Repositories/pccma_repo1_screen_image_profiling/CHP-134_repo1_screen/2.feature_extraction/loaddata_csvs/Assay_Plate_1_3_loaddata_with_illum.csv,3241,3456,216,24,True,ready,
Assay_Plate_1_4,A,row_A,/media/18tbdrive/1.Github_Repositories/pccma_repo1_screen_image_profiling/CHP-134_repo1_screen/2.feature_extraction/loaddata_csvs/Assay_Plate_1_4_loaddata_with_illum.csv,1,216,216,24,True,ready,
Assay_Plate_1_4,B,row_B,/media/18tbdrive/1.Github_Repositories/pccma_repo1_screen_image_profiling/CHP-134_repo1_screen/2.feature_extraction/loaddata_csvs/Assay_Plate_1_4_loaddata_with_illum.csv,217,432,216,24,True,ready,
Assay_Plate_1_4,C,row_C,/media/18tbdrive/1.Github_Repositories/pccma_repo1_screen_image_profiling/CHP-134_repo1_screen/2.feature_extraction/loaddata_csvs/Assay_Plate_1_4_loaddata_with_illum.csv,433,648,216,24,True,ready,
Assay_Plate_1_4,D,row_D,/media/18tbdrive/1.Github_Repositories/pccma_repo1_screen_image_profiling/CHP-134_repo1_screen/2.feature_extraction/loaddata_csvs/Assay_Plate_1_4_loaddata_with_illum.csv,649,864,216,24,True,ready,
Assay_Plate_1_4,E,row_E,/media/18tbdrive/1.Github_Repositories/pccma_repo1_screen_image_profiling/CHP-134_repo1_screen/2.feature_extraction/loaddata_csvs/Assay_Plate_1_4_loaddata_with_illum.csv,865,1080,216,24,True,ready,
Assay_Plate_1_4,F,row_F,/media/18tbdrive/1.Github_Repositories/pccma_repo1_screen_image_profiling/CHP-134_repo1_screen/2.feature_extraction/loaddata_csvs/Assay_Plate_1_4_loaddata_with_illum.csv,1081,1296,216,24,True,ready,
Assay_Plate_1_4,G,row_G,/media/18tbdrive/1.Github_Repositories/pccma_repo1_screen_image_profiling/CHP-134_repo1_screen/2.feature_extraction/loaddata_csvs/Assay_Plate_1_4_loaddata_with_illum.csv,1297,1512,216,24,True,ready,
Assay_Plate_1_4,H,row_H,/media/18tbdrive/1.Github_Repositories/pccma_repo1_screen_image_profiling/CHP-134_repo1_screen/2.feature_extraction/loaddata_csvs/Assay_Plate_1_4_loaddata_with_illum.csv,1513,1728,216,24,True,ready,
Assay_Plate_1_4,I,row_I,/media/18tbdrive/1.Github_Repositories/pccma_repo1_screen_image_profiling/CHP-134_repo1_screen/2.feature_extraction/loaddata_csvs/Assay_Plate_1_4_loaddata_with_illum.csv,1729,1944,216,24,True,ready,
Assay_Plate_1_4,J,row_J,/media/18tbdrive/1.Github_Repositories/pccma_repo1_screen_image_profiling/CHP-134_repo1_screen/2.feature_extraction/loaddata_csvs/Assay_Plate_1_4_loaddata_with_illum.csv,1945,2160,216,24,True,ready,
Assay_Plate_1_4,K,row_K,/media/18tbdrive/1.Github_Repositories/pccma_repo1_screen_image_profiling/CHP-134_repo1_screen/2.feature_extraction/loaddata_csvs/Assay_Plate_1_4_loaddata_with_illum.csv,2161,2376,216,24,True,ready,
Assay_Plate_1_4,L,row_L,/media/18tbdrive/1.Github_Repositories/pccma_repo1_screen_image_profiling/CHP-134_repo1_screen/2.feature_extraction/loaddata_csvs/Assay_Plate_1_4_loaddata_with_illum.csv,2377,2592,216,24,True,ready,
Assay_Plate_1_4,M,row_M,/media/18tbdrive/1.Github_Repositories/pccma_repo1_screen_image_profiling/CHP-134_repo1_screen/2.feature_extraction/loaddata_csvs/Assay_Plate_1_4_loaddata_with_illum.csv,2593,2808,216,24,True,ready,
Assay_Plate_1_4,N,row_N,/media/18tbdrive/1.Github_Repositories/pccma_repo1_screen_image_profiling/CHP-134_repo1_screen/2.feature_extraction/loaddata_csvs/Assay_Plate_1_4_loaddata_with_illum.csv,2809,3024,216,24,True,ready,
Assay_Plate_1_4,O,row_O,/media/18tbdrive/1.Github_Repositories/pccma_repo1_screen_image_profiling/CHP-134_repo1_screen/2.feature_extraction/loaddata_csvs/Assay_Plate_1_4_loaddata_with_illum.csv,3025,3240,216,24,True,ready,
Assay_Plate_1_4,P,row_P,/media/18tbdrive/1.Github_Repositories/pccma_repo1_screen_image_profiling/CHP-134_repo1_screen/2.feature_extraction/loaddata_csvs/Assay_Plate_1_4_loaddata_with_illum.csv,3241,3456,216,24,True,ready,
Assay_Plate_1_5,A,row_A,/media/18tbdrive/1.Github_Repositories/pccma_repo1_screen_image_profiling/CHP-134_repo1_screen/2.feature_extraction/loaddata_csvs/Assay_Plate_1_5_loaddata_with_illum.csv,1,216,216,24,True,ready,
Assay_Plate_1_5,B,row_B,/media/18tbdrive/1.Github_Repositories/pccma_repo1_screen_image_profiling/CHP-134_repo1_screen/2.feature_extraction/loaddata_csvs/Assay_Plate_1_5_loaddata_with_illum.csv,217,432,216,24,True,ready,
Assay_Plate_1_5,C,row_C,/media/18tbdrive/1.Github_Repositories/pccma_repo1_screen_image_profiling/CHP-134_repo1_screen/2.feature_extraction/loaddata_csvs/Assay_Plate_1_5_loaddata_with_illum.csv,433,648,216,24,True,ready,
Assay_Plate_1_5,D,row_D,/media/18tbdrive/1.Github_Repositories/pccma_repo1_screen_image_profiling/CHP-134_repo1_screen/2.feature_extraction/loaddata_csvs/Assay_Plate_1_5_loaddata_with_illum.csv,649,864,216,24,True,ready,
Assay_Plate_1_5,E,row_E,/media/18tbdrive/1.Github_Repositories/pccma_repo1_screen_image_profiling/CHP-134_repo1_screen/2.feature_extraction/loaddata_csvs/Assay_Plate_1_5_loaddata_with_illum.csv,865,1080,216,24,True,ready,
Assay_Plate_1_5,F,row_F,/media/18tbdrive/1.Github_Repositories/pccma_repo1_screen_image_profiling/CHP-134_repo1_screen/2.feature_extraction/loaddata_csvs/Assay_Plate_1_5_loaddata_with_illum.csv,1081,1296,216,24,True,ready,
Assay_Plate_1_5,G,row_G,/media/18tbdrive/1.Github_Repositories/pccma_repo1_screen_image_profiling/CHP-134_repo1_screen/2.feature_extraction/loaddata_csvs/Assay_Plate_1_5_loaddata_with_illum.csv,1297,1512,216,24,True,ready,
Assay_Plate_1_5,H,row_H,/media/18tbdrive/1.Github_Repositories/pccma_repo1_screen_image_profiling/CHP-134_repo1_screen/2.feature_extraction/loaddata_csvs/Assay_Plate_1_5_loaddata_with_illum.csv,1513,1728,216,24,True,ready,
Assay_Plate_1_5,I,row_I,/media/18tbdrive/1.Github_Repositories/pccma_repo1_screen_image_profiling/CHP-134_repo1_screen/2.feature_extraction/loaddata_csvs/Assay_Plate_1_5_loaddata_with_illum.csv,1729,1944,216,24,True,ready,
Assay_Plate_1_5,J,row_J,/media/18tbdrive/1.Github_Repositories/pccma_repo1_screen_image_profiling/CHP-134_repo1_screen/2.feature_extraction/loaddata_csvs/Assay_Plate_1_5_loaddata_with_illum.csv,1945,2160,216,24,True,ready,
Assay_Plate_1_5,K,row_K,/media/18tbdrive/1.Github_Repositories/pccma_repo1_screen_image_profiling/CHP-134_repo1_screen/2.feature_extraction/loaddata_csvs/Assay_Plate_1_5_loaddata_with_illum.csv,2161,2376,216,24,True,ready,
Assay_Plate_1_5,L,row_L,/media/18tbdrive/1.Github_Repositories/pccma_repo1_screen_image_profiling/CHP-134_repo1_screen/2.feature_extraction/loaddata_csvs/Assay_Plate_1_5_loaddata_with_illum.csv,2377,2592,216,24,True,ready,
Assay_Plate_1_5,M,row_M,/media/18tbdrive/1.Github_Repositories/pccma_repo1_screen_image_profiling/CHP-134_repo1_screen/2.feature_extraction/loaddata_csvs/Assay_Plate_1_5_loaddata_with_illum.csv,2593,2808,216,24,True,ready,
Assay_Plate_1_5,N,row_N,/media/18tbdrive/1.Github_Repositories/pccma_repo1_screen_image_profiling/CHP-134_repo1_screen/2.feature_extraction/loaddata_csvs/Assay_Plate_1_5_loaddata_with_illum.csv,2809,3024,216,24,True,ready,
Assay_Plate_1_5,O,row_O,/media/18tbdrive/1.Github_Repositories/pccma_repo1_screen_image_profiling/CHP-134_repo1_screen/2.feature_extraction/loaddata_csvs/Assay_Plate_1_5_loaddata_with_illum.csv,3025,3240,216,24,True,ready,
Assay_Plate_1_5,P,row_P,/media/18tbdrive/1.Github_Repositories/pccma_repo1_screen_image_profiling/CHP-134_repo1_screen/2.feature_extraction/loaddata_csvs/Assay_Plate_1_5_loaddata_with_illum.csv,3241,3456,216,24,True,ready,
